GMDENR_2018,name,T_25,measure_pre,measure_post
1,Aeugst am Albis,1,10.14285714285714,6.458333333333333
2,Affoltern am Albis,1,14.65476226806641,14.08333333333333
3,Bonstetten,1,2.625,9.621212179010564
4,Hausen am Albis,1,.8571428571428571,8.986111124356588
5,Hedingen,1,8.71875,10.93614721298218
6,Kappel am Albis,1,.6571428435189384,3
7,Knonau,1,0,2.916666666666667
8,Maschwanden,1,0,0
9,Mettmenstetten,1,13.07142857142857,29.29861122369766
10,Obfelden,1,3.142857142857143,.6388888955116272
11,Ottenbach,1,0,1.696969704194502
12,Rifferswil,1,0,2.791666666666667
13,Stallikon,1,1.875,2.818181818181818
14,Wettswil am Albis,1,6.520833432674408,16.08484849062833
21,Adlikon,1,6.428571428571429,0
22,Benken (ZH),1,0,3.333333333333333
23,Berg am Irchel,1,0,0
24,Buch am Irchel,1,0,0
25,Dachsen,1,1.571428571428571,5.537698427836101
26,Dorf,1,.6428571428571429,.75
27,Feuerthalen,0,2.285714285714286,5.166666666666667
28,Flaach,1,0,.5
29,Flurlingen,0,1.428571428571429,2.777777791023254
30,Andelfingen,1,13.14285714285714,5.395833333333333
31,Henggart,1,1.428571428571429,0
32,Humlikon,1,0,.4166666666666667
33,Kleinandelfingen,1,0,5.333333333333333
34,Laufen-Uhwiesen,1,0,4.236111124356587
35,Marthalen,1,1.142857142857143,6.069444497426351
36,Oberstammheim,1,0,0
37,Ossingen,1,1.428571428571429,0
38,Rheinau,1,0,.5
39,Thalheim an der Thur,1,1.428571428571429,0
40,Trüllikon,1,1.571428571428571,0
41,Truttikon,1,.7619047846112933,0
42,Unterstammheim,1,0,5.416666666666667
43,Volken,1,0,0
44,Waltalingen,1,0,0
51,Bachenbülach,1,9.142857142857142,15.08333333333333
52,Bassersdorf,1,13.2380952494485,17.09027783075969
53,Bülach,1,77.95238167898995,41.80555566151937
54,Dietlikon,1,23.07142857142857,9.916666666666666
55,Eglisau,1,0,7.958333333333333
56,Embrach,1,0,8.75
57,Freienstein-Teufen,1,0,0
58,Glattfelden,1,1.285714285714286,3.833333333333333
59,Hochfelden,1,4.428571428571429,0
60,Höri,1,3.285714285714286,2.5
61,Hüntwangen,1,.8571428571428571,1.027777791023254
62,Kloten,1,21.5,11.58333333333333
63,Lufingen,1,3.571428571428572,1.5
64,Nürensdorf,1,2.857142857142857,18.29166666666667
65,Oberembrach,1,.7142857142857143,0
66,Opfikon,1,17.57142857142857,85.7777779897054
67,Rafz,1,2.142857142857143,13.2777779897054
68,Rorbas,1,0,3.152777791023254
69,Wallisellen,1,44.07142857142857,48.29166666666666
70,Wasterkingen,0,0,0
71,Wil (ZH),1,0,0
72,Winkel,1,.6428571428571429,11.59722222884496
81,Bachs,1,0,0
82,Boppelsen,1,22.29166638851166,7.590909090909091
83,Buchs (ZH),1,2.125,4.303030404177579
84,Dällikon,1,6,3.272727272727273
85,Dänikon,1,1.25,0
86,Dielsdorf,1,17.25,12.86363636363636
87,Hüttikon,1,1.75,0
88,Neerach,1,.8571428571428571,7.75
89,Niederglatt,1,.7142857142857143,3.104166666666667
90,Niederhasli,1,23.14285714285714,21.06944455703099
91,Niederweningen,1,51.75,20.54545454545455
92,Oberglatt,1,0,15.51666667064031
93,Oberweningen,1,15.5,6.863636363636363
94,Otelfingen,1,8.75,12.5757576118816
95,Regensberg,1,0,0
96,Regensdorf,1,130.28125,138.5
97,Rümlang,1,8.125,13.27272727272727
98,Schleinikon,1,0,0
99,Schöfflisdorf,1,0,0
100,Stadel,1,1.607142891202654,.4166666666666667
101,Steinmaur,1,0,1.875
102,Weiach,0,2.571428571428572,0
111,Bäretswil,1,6.454545454545454,2.25
112,Bubikon,1,7.551587513514927,16.36111124356588
113,Dürnten,1,9.396825449807304,13.34722248713175
114,Fischenthal,1,1.909090909090909,0
115,Gossau (ZH),1,12.13492066519601,9.604166666666666
116,Grüningen,1,3.349206379481724,3.166666666666667
117,Hinwil,1,273.1363636363636,244.7135416865349
118,Rüti (ZH),1,187.4285714285714,90.16666666666667
119,Seegräben,1,2.761904852730887,0
120,Wald (ZH),1,2.818181818181818,0
121,Wetzikon (ZH),1,92.59090909090909,167.25
131,Adliswil,1,56.08911541530064,97.88611094156902
134,Hütten,1,0,.8888889153798422
135,Kilchberg (ZH),1,34.46292550223215,25.13263901074727
136,Langnau am Albis,1,39.53299386160715,30.49216294288635
137,Oberrieden,1,6.542857033865793,5.902777791023254
138,Richterswil,1,66.09285736083984,41.76666700839996
139,Rüschlikon,1,47.89047568184989,75.64583396911621
140,Schönenberg (ZH),1,4.404761910438538,4.552777787049611
141,Thalwil,1,52.36666624886649,77.08263969421387
142,Wädenswil,1,43.72857131276812,74.58749993642171
151,Erlenbach (ZH),1,6.214285714285714,29.34722232818604
152,Herrliberg,1,.7142857142857143,24.40277783075969
153,Hombrechtikon,1,16.20634923662458,25.69791666666667
154,Küsnacht (ZH),1,61.02380916050502,65.18472200632095
155,Männedorf,1,59.92857142857143,99.74374961853027
156,Meilen,1,23.61111123221261,28.22638893127441
157,Oetwil am See,1,4,4.416666666666667
158,Stäfa,1,54.85714285714285,408.4937502543132
159,Uetikon am See,1,17.33333315168108,14.20833333333333
160,Zumikon,1,25.5380950655256,31.06250007947286
161,Zollikon,1,26.96875,39.81818181818182
172,Fehraltorf,1,32.32142857142857,50.45833333333334
173,Hittnau,1,0,4.777777791023254
176,Lindau,1,3.714285714285714,32.42460320393244
177,Pfäffikon,1,32.42857142857143,41.29166666666666
178,Russikon,1,1.857142857142857,5.416666666666667
180,Weisslingen,1,2.214285782405308,1.833333333333333
181,Wila,1,0,7.666666666666667
182,Wildberg,1,0,0
191,Dübendorf,1,32.02857099260603,76.09722232818604
192,Egg,1,39.99047633579799,59.37499984105428
193,Fällanden,1,70.1904765537807,118.6527778307597
194,Greifensee,1,53.57142857142857,258.1111122767131
195,Maur,1,8.857142857142858,45.87361113230387
196,Mönchaltorf,1,9.190476281302315,5.416666666666667
197,Schwerzenbach,1,0,0
198,Uster,1,133.9761897495815,112.5145837068558
199,Volketswil,1,55.27210896355765,76.91944468021393
200,Wangen-Brüttisellen,1,9.642857142857142,8.726190408070883
211,Altikon,1,0,0
213,Brütten,1,14.85714285714286,8.666666666666666
214,Dägerlen,1,0,0
215,Dättlikon,1,0,7.083333333333333
216,Dinhard,1,0,9.334920724232992
218,Ellikon an der Thur,1,0,1
219,Elsau,1,2.428571428571428,.9791666666666666
220,Hagenbuch,1,0,2.027777830759684
221,Hettlingen,1,.8571428571428571,6.520833333333333
223,Neftenbach,1,2.357142857142857,13.125
224,Pfungen,1,2.714285714285714,3.75
225,Rickenbach (ZH),1,0,0
226,Schlatt (ZH),1,0,0
227,Seuzach,1,4.714285714285714,7.548611124356587
228,Turbenthal,1,6.428571428571429,8.611111124356588
230,Winterthur,1,908.3809525626046,947.2166653871536
231,Zell (ZH),1,9.642857142857142,4.777777791023254
241,Aesch (ZH),1,1.125000029802322,4.545454545454546
242,Birmensdorf (ZH),1,2.854166686534882,3.090909112583507
243,Dietikon,1,24.96875,61.79090950705788
244,Geroldswil,1,5.125,18.69696972586892
245,Oberengstringen,1,6.0625,5.151515158739957
246,Oetwil an der Limmat,1,.875,2.818181818181818
247,Schlieren,1,60.28125,204.6363627260382
248,Uitikon,1,10.0625,10.52272727272727
249,Unterengstringen,1,3.729166686534882,3.454545454545455
250,Urdorf,1,14.875,13.75757572867654
251,Weiningen (ZH),1,0,.9090909090909091
261,Zürich,1,1365.544106074742,2887.404697636763
294,Elgg,1,5.5,4.333333333333333
295,Horgen,1,155.6071432658604,174.6423619588216
296,Illnau-Effretikon,1,28.86904770987374,26.48611124356588
297,Bauma,1,.4285714285714285,4.083333333333333
298,Wiesendangen,1,4.428571428571429,10.36111124356588
301,Aarberg,1,4.428571428571429,6.208333333333333
302,Bargen (BE),1,0,0
303,Grossaffoltern,1,3.214285714285714,2.916666666666667
304,Kallnach,1,2.142857142857143,0
305,Kappelen,1,0,0
306,Lyss,1,19.78571428571428,49.76388889551163
307,Meikirch,1,0,2.083333333333333
309,Radelfingen,1,1.571428571428571,.7916666666666666
310,Rapperswil (BE),1,4.142857142857143,1.583333333333333
311,Schüpfen,1,2.571428571428572,0
312,Seedorf (BE),1,0,2.25
321,Aarwangen,1,1.090909090909091,6.25
322,Auswil,1,0,0
323,Bannwil,1,0,0
324,Bleienbach,1,9.714285714285714,17.5
325,Busswil bei Melchnau,1,0,0
326,Gondiswil,0,0,0
329,Langenthal,1,19.16666672446511,70.8125
331,Lotzwil,1,0,3.083333333333333
332,Madiswil,1,0,.4444444477558136
333,Melchnau,1,0,0
334,Obersteckholz,1,0,0
335,Oeschenbach,1,0,0
336,Reisiswil,1,0,0
337,Roggwil (BE),1,5.272727272727272,26.75
338,Rohrbach,1,0,0
339,Rohrbachgraben,1,0,3.569444457689921
340,Rütschelen,1,0,0
341,Schwarzhäusern,1,0,0
342,Thunstetten,1,10.14285714285714,17.90277779102325
344,Ursenbach,1,0,.3055555621782939
345,Wynau,1,0,4
351,Bern,1,602.4513893723488,1069.980157307216
352,Bolligen,1,1.185714312962123,5.175925890604655
353,Bremgarten bei Bern,1,12,10.84722232818604
354,Kirchlindach,1,4.380952426365444,2
355,Köniz,1,90.24166657527287,120.4098649706159
356,Muri bei Bern,1,35.41666666666666,53.76190485273089
357,Oberbalm,1,0,0
358,Stettlen,1,4.142857142857143,0
359,Vechigen,1,0,0
360,Wohlen bei Bern,1,7,5.025000000993411
361,Zollikofen,1,11.19047628130232,35.25833336512247
362,Ittigen,1,13.17142857824053,11.33333333333333
363,Ostermundigen,1,6.128571374075753,4.666666666666667
371,Biel/Bienne,1,310.7142857142857,305.3875001271566
372,Evilard,1,0,1.958333333333333
381,Arch,1,4.285714285714286,2.166666666666667
382,Büetigen,1,1.142857142857143,0
383,Büren an der Aare,1,0,1.791666666666667
385,Diessbach bei Büren,1,0,0
386,Dotzigen,1,0,3.333333333333333
387,Lengnau (BE),1,31.28571428571428,23.625
388,Leuzigen,1,.727891172681536,2.263888915379842
389,Meienried,1,0,0
390,Meinisberg,1,0,2.333333333333333
391,Oberwil bei Büren,1,0,0
392,Pieterlen,1,6.464285714285714,1.833333333333333
393,Rüti bei Büren,1,0,0
394,Wengi,1,0,0
401,Aefligen,1,0,0
402,Alchenstorf,1,0,0
403,Bäriswil,1,0,1.041666666666667
404,Burgdorf,1,52.54285757882254,180.5240742365519
405,Ersigen,1,4.142857142857143,1.833333333333333
406,Hasle bei Burgdorf,1,0,2.555555562178294
407,Heimiswil,1,.7142857142857143,14.71527783075968
408,Hellsau,1,0,0
409,Hindelbank,1,0,.4791666666666667
410,Höchstetten,1,0,0
411,Kernenried,1,0,0
412,Kirchberg (BE),1,0,0
413,Koppigen,1,0,0
414,Krauchthal,1,4.142857142857143,.5833333333333334
415,Lyssach,1,5.857142857142857,4.333333333333333
416,Mötschwil,1,0,.5833333333333334
418,Oberburg,1,0,0
420,Rüdtligen-Alchenflüh,1,7.171428680419922,11.91666666666667
421,Rumendingen,1,0,0
422,Rüti bei Lyssach,1,0,0
423,Willadingen,1,3,.5486111243565878
424,Wynigen,1,0,.1111111144224803
431,Corgémont,1,0,1.5
432,Cormoret,1,8,1.541666666666667
433,Cortébert,1,.8571428571428571,0
434,Courtelary,1,1.428571428571429,1.449999968210856
435,La Ferrière,1,0,1.151515180414373
437,Mont-Tramelan,1,0,0
438,Orvin,1,.4285714285714285,35.02777798970541
441,Renan (BE),1,2.25,3
442,Romont (BE),1,0,1.166666666666667
443,Saint-Imier,1,10.375,11.45454545454546
444,Sonceboz-Sombeval,1,16.71428571428572,20.125
445,Sonvilier,1,0,1.272727272727273
446,Tramelan,1,0,1.305555582046509
448,Villeret,1,.875,1.545454545454545
449,Sauge,1,0,1.166666666666667
450,Péry-La Heutte,1,1.285714285714286,3.458333333333333
491,Brüttelen,1,.2857142857142857,0
492,Erlach,1,0,1.416666666666667
493,Finsterhennen,1,0,0
494,Gals,1,0,2.041666666666667
495,Gampelen,0,0,0
496,Ins,1,0,2.430555661519369
497,Lüscherz,1,0,1.416666666666667
498,Müntschemier,1,0,0
499,Siselen,1,1.571428571428571,1.833333333333333
500,Treiten,1,0,0
501,Tschugg,1,0,0
502,Vinelz,1,3.142857142857143,.9166666666666666
533,Bätterkinden,1,1.428571428571429,4.875
535,Deisswil bei Münchenbuchsee,1,0,0
536,Diemerswil,1,0,0
538,Fraubrunnen,1,9.857142857142858,.4722222487131755
540,Jegenstorf,1,0,2.875
541,Iffwil,1,0,.75
543,Mattstetten,1,0,0
544,Moosseedorf,1,4.428571428571429,4.333333333333333
546,Münchenbuchsee,1,0,0
551,Urtenen-Schönbühl,1,0,1.416666666666667
552,Utzenstorf,1,3.857142857142857,5.5
553,Wiggiswil,1,0,6.555555582046509
554,Wiler bei Utzenstorf,1,2.571428571428572,4.472222248713176
556,Zielebach,1,0,0
557,Zuzwil (BE),1,0,2.233333428700765
561,Adelboden,0,0,0
562,Aeschi bei Spiez,0,0,1.333333333333333
563,Frutigen,0,4.857142857142857,3.338888963063558
564,Kandergrund,0,.9642857142857143,2.666666666666667
565,Kandersteg,0,0,0
566,Krattigen,0,0,0
567,Reichenbach im Kandertal,0,11.85714285714286,17.25
571,Beatenberg,0,0,0
572,Bönigen,0,0,0
573,Brienz (BE),0,1.571428571428571,1.75
574,Brienzwiler,0,0,0
575,Därligen,0,0,0
576,Grindelwald,0,2.642857142857143,0
577,Gsteigwiler,0,0,0
578,Gündlischwand,0,0,0
579,Habkern,0,0,0
580,Hofstetten bei Brienz,0,0,0
581,Interlaken,0,0,0
582,Iseltwald,0,1.142857142857143,0
584,Lauterbrunnen,0,0,1
585,Leissigen,0,0,0
586,Lütschental,0,0,0
587,Matten bei Interlaken,0,0,0
588,Niederried bei Interlaken,0,0,0
589,Oberried am Brienzersee,0,0,0
590,Ringgenberg (BE),0,0,0
591,Saxeten,0,0,0
592,Schwanden bei Brienz,0,0,0
593,Unterseen,0,3.428571428571428,.5
594,Wilderswil,0,0,2.5
602,Arni (BE),1,0,3.125
603,Biglen,1,1.285714285714286,1.083333333333333
605,Bowil,1,0,0
606,Brenzikofen,1,1.5,0
607,Freimettigen,1,0,0
608,Grosshöchstetten,1,0,.1666666666666667
609,Häutligen,1,0,0
610,Herbligen,1,.3333333333333333,4.857142857142857
611,Kiesen,1,0,0
612,Konolfingen,1,2,4.833333333333333
613,Landiswil,1,0,0
614,Linden,0,0,0
615,Mirchel,1,0,0
616,Münsingen,1,18.47222222884496,11.60714285714286
617,Niederhünigen,1,0,0
619,Oberdiessbach,1,13.25,9.523809535162789
620,Oberthal,1,0,0
622,Oppligen,1,0,0
623,Rubigen,1,0,5.166666666666667
626,Walkringen,1,0,0
627,Worb,1,7.714285714285714,14.27083333333333
628,Zäziwil,1,8.142857142857142,1.25
629,Oberhünigen,1,0,1.857142857142857
630,Allmendingen,1,1.583333333333333,3.285714285714286
632,Wichtrach,1,.75,0
661,Clavaleyres,1,0,0
662,Ferenbalm,1,0,0
663,Frauenkappelen,1,2.166666666666667,0
664,Golaten,1,0,0
665,Gurbrü,1,0,0
666,Kriechenwil,1,0,0
667,Laupen,1,0,1.166666666666667
668,Mühleberg,1,0,0
669,Münchenwiler,1,0,.4166666666666667
670,Neuenegg,1,3.571428571428572,1
671,Wileroltigen,1,0,0
681,Belprahon,0,0,0
683,Champoz,0,13.14285714285714,40.83333333333334
687,Corcelles (BE),1,0,0
690,Court,0,7.428571428571429,.4166666666666667
691,Crémines,0,0,0
692,Eschert,0,0,0
694,Grandval,0,0,0
696,Loveresse,1,0,0
700,Moutier,0,0,0
701,Perrefitte,0,0,0
703,Reconvilier,1,0,0
704,Roches (BE),0,0,0
706,Saicourt,1,2.571428571428572,3.25
707,Saules (BE),1,0,0
708,Schelten,1,0,0
709,Seehof,1,0,0
711,Sorvilier,0,0,0
713,Tavannes,1,3.857142857142857,10.79166666666667
715,Rebévelier,1,0,0
716,Petit-Val,0,.2857142857142857,0
717,Valbirse,1,0,2.833333333333333
723,La Neuveville,1,4,10.61527760823568
724,Nods,1,1.857142857142857,0
726,Plateau de Diesse,1,1,5.5
731,Aegerten,1,0,1.166666666666667
732,Bellmund,1,.8571428571428571,.8333333333333334
733,Brügg,1,10.57142857142857,18.45833333333333
734,Bühl,1,0,0
735,Epsach,1,0,0
736,Hagneck,1,0,0
737,Hermrigen,1,0,0
738,Jens,1,0,0
739,Ipsach,1,1.857142857142857,8.949999968210856
740,Ligerz,1,0,2.6875
741,Merzligen,1,0,0
742,Mörigen,1,0,0
743,Nidau,1,5.571428571428571,25.41666666666667
744,Orpund,1,6.428571428571429,8.770833333333334
745,Port,1,2.142857142857143,21.3125
746,Safnern,1,0,1.166666666666667
747,Scheuren,1,0,0
748,Schwadernau,1,0,0
749,Studen (BE),1,0,2.366666634877523
750,Sutz-Lattrigen,1,0,.2916666666666667
751,Täuffelen,1,0,5.416666666666667
754,Walperswil,1,0,0
755,Worben,1,1.857142857142857,0
756,Twann-Tüscherz,1,0,0
761,Därstetten,0,0,1.5
762,Diemtigen,0,1,.6666666666666666
763,Erlenbach im Simmental,0,1.285714285714286,2.166666666666667
766,Oberwil im Simmental,0,0,.3055555621782939
767,Reutigen,0,0,0
768,Spiez,0,18.26190512520926,2
769,Wimmis,0,2.714285714285714,13.875
770,Stocken-Höfen,0,1.428571428571429,2.166666666666667
782,Guttannen,0,0,0
783,Hasliberg,0,0,0
784,Innertkirchen,0,0,0
785,Meiringen,0,0,0
786,Schattenhalb,0,0,0
791,Boltigen,0,0,0
792,Lenk,0,0,.3333333333333333
793,St. Stephan,0,0,0
794,Zweisimmen,0,0,0
841,Gsteig,0,0,0
842,Lauenen,0,.7857142857142857,0
843,Saanen,0,0,4.583333333333333
852,Guggisberg,1,0,0
853,Rüschegg,0,0,0
855,Schwarzenburg,1,10.85714285714286,13.66666666666667
861,Belp,1,4.104166666666667,2
863,Burgistein,1,0,0
866,Gerzensee,1,1.333333333333333,1.857142857142857
867,Gurzelen,1,0,.6122449466160366
868,Jaberg,1,0,0
869,Kaufdorf,1,1.916666666666667,0
870,Kehrsatz,1,2.616666634877523,3.833333424159459
872,Kirchdorf (BE),1,.200000007947286,0
873,Kirchenthurnen,1,0,0
874,Lohnstorf,1,0,0
876,Mühlethurnen,1,0,0
877,Niedermuhlern,1,0,0
879,Riggisberg,1,0,0
880,Rüeggisberg,1,158.8333333333333,45.42857142857143
881,Rümligen,1,0,0
883,Seftigen,1,1.683333337306976,0
884,Toffen,1,4.875,3.428571428571428
885,Uttigen,0,0,0
886,Wattenwil,1,0,0
888,Wald (BE),1,0,0
901,Eggiwil,0,3.571428571428572,2.083333333333333
902,Langnau im Emmental,1,0,1
903,Lauperswil,1,13,19.625
904,Röthenbach im Emmental,0,0,0
905,Rüderswil,1,0,0
906,Schangnau,0,0,0
907,Signau,1,1.571428571428571,3.166666666666667
908,Trub,0,0,0
909,Trubschachen,0,6.714285714285714,0
921,Amsoldingen,0,1.285714285714286,0
922,Blumenstein,0,0,0
923,Buchholterberg,0,0,5.083333333333333
924,Eriz,0,0,0
925,Fahrni,0,0,0
927,Heiligenschwendi,0,2.714285714285714,.8333333333333334
928,Heimberg,0,1.857142857142857,1.5
929,Hilterfingen,0,0,1.104166666666667
931,Homberg,0,0,0
932,Horrenbach-Buchen,0,0,0
934,Oberhofen am Thunersee,0,.8857142925262451,3.486111164093018
935,Oberlangenegg,0,0,.2916666666666667
936,Pohlern,0,0,0
937,Schwendibach,0,0,0
938,Sigriswil,0,3,3.833333333333333
939,Steffisburg,0,3.142857142857143,18.125
940,Teuffenthal (BE),0,0,0
941,Thierachern,0,0,0
942,Thun,0,43,102.8819444974263
943,Uebeschi,0,0,0
944,Uetendorf,0,2.107142857142857,7.833333333333333
945,Unterlangenegg,0,0,0
946,Wachseldorn,0,0,0
947,Zwieselberg,0,7.714285714285714,4.916666666666667
948,Forst-Längenbühl,1,.4166666666666667,.9285714285714286
951,Affoltern im Emmental,1,0,0
952,Dürrenroth,1,0,0
953,Eriswil,1,0,0
954,Huttwil,1,1.571428571428571,3.333333333333333
955,Lützelflüh,1,1.142857142857143,15.33333333333333
956,Rüegsau,1,0,0
957,Sumiswald,1,4,11.08333333333333
958,Trachselwald,1,0,0
959,Walterswil (BE),1,0,0
960,Wyssachen,1,0,0
971,Attiswil,1,.282051288164579,0
972,Berken,1,0,0
973,Bettenhausen,1,0,0
975,Farnern,1,0,0
976,Graben,1,0,0
977,Heimenhausen,1,0,0
979,Herzogenbuchsee,1,5.535714285714286,11.37500011920929
980,Inkwil,1,0,1.208333333333333
981,Niederbipp,1,6.545454545454546,7.625
982,Niederönz,1,7.785714285714286,21.95833333333333
983,Oberbipp,1,1.606060613285411,0
985,Ochlenberg,1,0,.75
987,Rumisberg,1,0,1
988,Seeberg,1,.5714285714285714,0
989,Thörigen,1,0,3.416666666666667
990,Walliswil bei Niederbipp,1,0,0
991,Walliswil bei Wangen,1,.3846153846153846,.7777778307596842
992,Wangen an der Aare,1,.3076923076923077,0
993,Wangenried,1,0,0
995,Wiedlisbach,1,2.134615384615385,1
996,Wolfisberg,1,0,0
1001,Doppleschwand,0,0,1.5
1002,Entlebuch,0,0,0
1004,Flühli,0,0,0
1005,Hasle (LU),0,0,0
1007,Romoos,0,1.142857142857143,0
1008,Schüpfheim,0,1.476190498897008,4.22222222884496
1009,Werthenstein,1,0,0
1010,Escholzmatt-Marbach,0,0,3.888888835906982
1021,Aesch (LU),0,0,0
1022,Altwis,0,0,0
1023,Ballwil,1,2.428571428571428,.8333333333333334
1024,Emmen,1,41.14285714285715,39.375
1025,Ermensee,0,0,.6666666666666666
1026,Eschenbach (LU),1,0,7
1030,Hitzkirch,0,10.85714285714286,24.30555558204651
1031,Hochdorf,1,10.14285714285714,8.333333333333334
1032,Hohenrain,1,0,0
1033,Inwil,1,1.142857142857143,.0666666676600774
1037,Rain,1,0,.4583333333333333
1039,Römerswil,1,0,.8333333333333334
1040,Rothenburg,1,3.285714285714286,20.25
1041,Schongau,0,0,0
1051,Adligenswil,1,1.928571428571429,6.125
1052,Buchrain,1,5,8.75
1053,Dierikon,1,13.42857142857143,54.25
1054,Ebikon,1,7.785714285714286,11.83333341280619
1055,Gisikon,1,0,0
1056,Greppen,1,1.285714285714286,0
1057,Honau,1,4,.9166666666666666
1058,Horw,1,9.61904764175415,16.625
1059,Kriens,1,9.642857142857142,24.44444449742635
1061,Luzern,1,96.52380956922259,154.3472228050232
1062,Malters,1,7.142857142857143,5.041666666666667
1063,Meggen,1,19.35714285714286,42.31944433848063
1064,Meierskappel,1,0,.5416666666666666
1065,Root,1,0,14.16666666666667
1066,Schwarzenberg,1,0,3.75
1067,Udligenswil,1,1.285714285714286,5.083333333333333
1068,Vitznau,0,1.428571428571429,.8333333333333334
1069,Weggis,1,20.23809541974749,13.91666666666667
1081,Beromünster,0,4.571428571428571,2.25
1082,Büron,0,6,3.166666666666667
1083,Buttisholz,0,0,.6666666666666666
1084,Eich,1,2.142857142857143,2.666666666666667
1085,Geuensee,0,1.714285714285714,1.083333333333333
1086,Grosswangen,0,1.904761961528233,10.41666666666667
1088,Hildisrieden,1,0,2.680555582046509
1089,Knutwil,0,0,1.861111124356588
1091,Mauensee,0,1.571428571428571,1.333333333333333
1093,Neuenkirch,1,0,3.944444457689921
1094,Nottwil,1,1,2.288888916373253
1095,Oberkirch,1,0,5.763888915379842
1097,Rickenbach (LU),0,0,0
1098,Ruswil,1,4.142857142857143,12.11111112435659
1099,Schenkon,0,0,.4166666666666667
1100,Schlierbach,0,0,1.5
1102,Sempach,1,5.714285714285714,36.37500007947286
1103,Sursee,0,23.14285714285714,21.05555566151937
1104,Triengen,1,51.52083334326744,155.3333333333333
1107,Wolhusen,1,9.571428571428571,34.88888867696127
1121,Alberswil,0,0,0
1122,Altbüron,1,1.909090909090909,.4166666865348816
1123,Altishofen,1,.2083333432674408,7.333333333333333
1125,Dagmersellen,1,3.479166686534882,0
1126,Ebersecken,1,.2083333432674408,0
1127,Egolzwil,0,0,0
1128,Ettiswil,0,0,.75
1129,Fischbach,0,0,0
1130,Gettnau,0,0,0
1131,Grossdietwil,1,0,0
1132,Hergiswil bei Willisau,0,0,0
1135,Luthern,0,0,0
1136,Menznau,0,1.714285714285714,10
1137,Nebikon,1,0,0
1139,Pfaffnau,1,.9545454545454546,0
1140,Reiden,1,.375,0
1142,Roggliswil,1,0,0
1143,Schötz,0,4.142857142857143,2.916666666666667
1145,Ufhusen,0,0,0
1146,Wauwil,0,0,0
1147,Wikon,1,18.54545454545455,17.625
1150,Zell (LU),0,0,0
1151,Willisau,0,0,7.666666666666667
1201,Altdorf (UR),0,31.42857142857143,13.91666666666667
1202,Andermatt,0,0,0
1203,Attinghausen,0,0,0
1204,Bauen,0,0,0
1205,Bürglen (UR),0,1.085714272090367,0
1206,Erstfeld,0,9.142857142857142,2.75
1207,Flüelen,0,0,2.333333333333333
1208,Göschenen,0,0,0
1209,Gurtnellen,0,0,0
1210,Hospental,0,0,0
1211,Isenthal,0,0,0
1212,Realp,0,0,0
1213,Schattdorf,0,2.142857142857143,14.125
1214,Seedorf (UR),0,1,.5
1215,Seelisberg,0,4,.7916666666666666
1216,Silenen,0,0,.8333333333333334
1217,Sisikon,0,.6571428435189384,0
1218,Spiringen,0,0,0
1219,Unterschächen,0,0,0
1220,Wassen,0,0,0
1301,Einsiedeln,1,8.547619138445173,11.42500005165736
1311,Gersau,1,4.571428571428571,6.041666666666667
1321,Feusisberg,1,4.285714285714286,23.19305578867595
1322,Freienbach,1,49.60714285714285,74.17390930652618
1323,Wollerau,1,17.28809547424316,90.99444516499837
1331,Küssnacht (SZ),1,62.07142857142857,15.16666666666667
1341,Altendorf,1,15.28571428571429,14.82777770360311
1342,Galgenen,1,18.71428571428572,9.458333333333334
1343,Innerthal,0,1.285714285714286,0
1344,Lachen,1,8.285714285714286,20.95833333333333
1345,Reichenburg,1,0,0
1346,Schübelbach,1,5.25,5.213889042536418
1347,Tuggen,1,2.090909090909091,2.625
1348,Vorderthal,1,.8181818181818182,1.375
1349,Wangen (SZ),1,.8095238549368722,12.24702382087708
1361,Alpthal,1,2.857142857142857,1.541666666666667
1362,Arth,0,8.571428571428571,4.645833333333333
1363,Illgau,0,.3571428571428572,0
1364,Ingenbohl,0,4,3.125
1365,Lauerz,0,0,0
1366,Morschach,0,0,0
1367,Muotathal,0,0,.4375
1368,Oberiberg,0,0,0
1369,Riemenstalden,0,0,0
1370,Rothenthurm,1,0,.8333333333333334
1371,Sattel,1,.2380952494485038,5
1372,Schwyz,0,16.71428571428572,38.24166663487753
1373,Steinen,0,1.428571428571429,2.354166666666667
1374,Steinerberg,0,0,0
1375,Unteriberg,0,0,.7083333333333334
1401,Alpnach,1,0,8.95370372136434
1402,Engelberg,0,0,.75
1403,Giswil,0,3.142857142857143,.9166666666666666
1404,Kerns,1,0,.8333333333333334
1405,Lungern,0,0,2.166666666666667
1406,Sachseln,1,30.4761905670166,25.33333333333333
1407,Sarnen,1,14.64285714285714,66.79166666666667
1501,Beckenried,1,0,5.583333333333333
1502,Buochs,1,0,21.29166666666667
1503,Dallenwil,1,0,1.666666666666667
1504,Emmetten,1,.4285714285714285,.25
1505,Ennetbürgen,1,14.07142857142857,17.375
1506,Ennetmoos,1,0,0
1507,Hergiswil (NW),1,426.8571428571428,801.4305572509766
1508,Oberdorf (NW),1,0,.6666666666666666
1509,Stans,1,8.380952290126256,48.60416666666666
1510,Stansstad,1,8.857142857142858,54.08333333333334
1511,Wolfenschiessen,1,0,.4166666666666667
1630,Glarus Nord,0,8.828571421759468,63.6111111442248
1631,Glarus Süd,0,3,25.625
1632,Glarus,0,59.01428570066179,61.5
1701,Baar,1,159.4285714285714,1024.091663360596
1702,Cham,1,66,144.1592591603597
1703,Hünenberg,1,15.61904770987374,64.03472264607747
1704,Menzingen,1,1.333333424159459,1.458333333333333
1705,Neuheim,1,3.428571428571428,14.08333333333333
1706,Oberägeri,1,1.857142857142857,31.5
1707,Risch,1,57.35714285714285,100.6111113230387
1708,Steinhausen,1,29.54761941092355,35.38194449742635
1709,Unterägeri,1,7.714285714285714,9.166666666666666
1710,Walchwil,0,19,79.83333333333333
1711,Zug,1,581.3809531075614,688.2916666666666
2008,Châtillon (FR),1,0,1.272727272727273
2009,Cheiry,1,0,0
2011,Cugy (FR),1,0,.5277777910232544
2016,Fétigny,1,.6428571428571429,0
2022,Gletterens,1,2.571428571428572,0
2025,Lully (FR),1,2.3125,9.062121261249889
2027,Ménières,1,0,0
2029,Montagny (FR),1,0,0
2035,Nuvilly,1,0,0
2038,Prévondavaux,1,0,0
2041,Saint-Aubin (FR),1,0,0
2043,Sévaz,1,1.25,0
2044,Surpierre,1,2.625,3.151515180414373
2045,Vallon,1,0,0
2050,Les Montets,1,0,0
2051,Delley-Portalban,1,0,0
2053,Belmont-Broye,1,.6428571428571429,5.75
2054,Estavayer,1,0,.4242424531416459
2055,Cheyres-Châbles,1,1.125,4.636363636363637
2061,Auboranges,0,2.285714285714286,10.91666666666667
2063,Billens-Hennens,0,0,1.666666666666667
2066,Chapelle (Glâne),0,0,0
2067,Le Châtelard,0,0,0
2068,Châtonnaye,1,0,0
2072,Ecublens (FR),0,0,0
2079,Grangettes,1,0,0
2086,Massonnens,1,1.428571428571429,.9166666666666666
2087,Mézières (FR),0,0,0
2089,Montet (Glâne),0,0,0
2096,Romont (FR),1,57.78571428571428,4.125
2097,Rue,0,0,0
2099,Siviriez,0,4.857142857142857,0
2102,Ursy,0,0,0
2111,Villaz-Saint-Pierre,1,1.666666678019932,1.333333333333333
2113,Vuisternens-devant-Romont,0,0,.625
2114,Villorsonnens,1,0,1.708333333333333
2115,Torny,1,0,3.069444497426351
2116,La Folliaz,1,0,1.291666666666667
2121,Haut-Intyamon,0,0,0
2122,Pont-en-Ogoz,1,0,0
2123,Botterens,1,0,0
2124,Broc,0,3.428571428571428,1.166666666666667
2125,Bulle,0,11.07142857142857,27.83333333333333
2128,Châtel-sur-Montsalvens,0,0,0
2129,Corbières,1,0,0
2130,Crésuz,0,2.857142857142857,1.111111124356588
2131,Echarlens,1,0,.5
2134,Grandvillard,0,0,0
2135,Gruyères,0,0,0
2137,Hauteville,1,0,0
2138,Jaun,0,0,0
2140,Marsens,1,0,.75
2143,Morlon,0,0,2.884722232818604
2145,Le Pâquier (FR),0,0,.5833333333333334
2147,Pont-la-Ville,1,0,0
2148,Riaz,0,0,6.833333333333333
2149,La Roche,1,0,0
2152,Sâles,0,0,0
2153,Sorens,1,0,0
2155,Vaulruz,0,0,0
2160,Vuadens,0,0,0
2162,Bas-Intyamon,0,0,0
2163,Val-de-Charmey,0,0,0
2171,Arconciel,1,0,0
2173,Autigny,1,0,0
2174,Avry,1,0,0
2175,Belfaux,1,0,2.083333333333333
2177,Chénens,1,0,2.025000015894572
2183,Corminboeuf,1,0,5.666666666666667
2185,Corserey,1,0,0
2186,Cottens (FR),1,0,0
2189,Ependes (FR),1,0,4.547222256660461
2194,Ferpicloz,1,0,0
2196,Fribourg,1,22.14285714285714,75.11111112435658
2197,Givisiez,1,8.428571428571429,50.10416666666666
2198,Granges-Paccot,1,31.57142857142857,111.3444439570109
2200,Grolley,1,1.428571428571429,0
2206,Marly,1,32.35714340209961,87.88313547770183
2208,Matran,1,.6428571428571429,5.472222248713176
2211,Neyruz (FR),1,0,3.875
2213,Noréaz,1,0,0
2216,Pierrafortscha,1,0,0
2217,Ponthaux,1,0,0
2220,Le Mouret,1,9.690476281302315,26.59543641408284
2221,Prez-vers-Noréaz,1,0,1.333333333333333
2225,Senèdes,1,0,0
2226,Treyvaux,1,0,1.305555582046509
2228,Villars-sur-Glâne,1,21.35714285714286,65.54166666666667
2230,Villarsel-sur-Marly,1,0,0
2233,Hauterive (FR),1,5.857142857142857,21.52499993642171
2234,La Brillaz,1,0,.875
2235,La Sonnaz,1,0,0
2236,Gibloux,1,0,9.995436549186707
2250,Courgevaux,1,2,6.666666666666667
2254,Courtepin,1,2.142857142857143,10
2257,Cressier (FR),1,12.80952385493687,8.916666666666666
2258,Fräschels,1,0,.9166666666666666
2259,Galmiz,1,0,0
2260,Gempenach,1,0,0
2261,Greng,1,0,0
2262,Gurmels,1,1.928571428571429,11.10416666666667
2265,Kerzers,1,1.142857142857143,12.8472222785155
2266,Kleinbösingen,1,0,3.958333333333333
2271,Meyriez,1,0,0
2272,Misery-Courtion,1,0,.3333333333333333
2274,Muntelier,1,.8095238549368722,1.833333333333333
2275,Murten,1,28.09523827689035,35.80555566151937
2276,Ried bei Kerzers,1,0,6.75
2278,Ulmiz,1,0,.6666666666666666
2284,Mont-Vully,1,2.285714285714286,1.458333333333333
2291,Alterswil,1,0,0
2292,Brünisried,1,0,0
2293,Düdingen,1,89.73809514726911,83.43650804956754
2294,Giffers,1,2.285714285714286,.4722222487131755
2295,Bösingen,1,1.571428571428571,4.25
2296,Heitenried,1,0,0
2299,Plaffeien,1,0,1.166666666666667
2300,Plasselb,1,2.642857142857143,1.708333333333333
2301,Rechthalten,1,0,0
2302,St. Antoni,1,1,4.784722248713176
2303,St. Silvester,1,2,1.833333333333333
2304,St. Ursen,1,17.28571455819266,6.979166666666667
2305,Schmitten (FR),1,0,0
2306,Tafers,1,1.571428571428571,9.375
2307,Tentlingen,1,0,0
2308,Ueberstorf,1,30.64285714285714,35.21904794375101
2309,Wünnewil-Flamatt,1,7.285714285714286,10.59722232818604
2321,Attalens,0,0,1.583333333333333
2323,Bossonnens,0,0,2.583333333333333
2325,Châtel-Saint-Denis,0,15.85714285714286,11.18055558204651
2328,Granges (Veveyse),0,0,7.25
2333,Remaufens,0,0,.944444457689921
2335,Saint-Martin (FR),0,.8571428571428571,0
2336,Semsales,0,.2857142857142857,0
2337,Le Flon,0,0,0
2338,La Verrerie,0,0,0
2401,Egerkingen,1,13.36363636363636,0
2402,Härkingen,1,0,4.125
2403,Kestenholz,1,0,0
2404,Neuendorf,1,.7272727272727273,6.854166746139526
2405,Niederbuchsiten,1,18.45454545454545,8.875
2406,Oberbuchsiten,1,.3030303174799139,0
2407,Oensingen,1,14.72727272727273,1.625
2408,Wolfwil,1,6.136363636363637,0
2421,Aedermannsdorf,1,0,0
2422,Balsthal,1,7.227272727272728,2.84375
2423,Gänsbrunnen,1,0,0
2424,Herbetswil,1,.3846153846153846,0
2425,Holderbank (SO),1,0,0
2426,Laupersdorf,1,1.181818181818182,.25
2427,Matzendorf,1,3.461538461538462,4.833333333333333
2428,Mümliswil-Ramiswil,1,.3636363636363636,0
2429,Welschenrohr,1,3.076923076923077,6.166666666666667
2445,Biezwil,1,0,3.5
2455,Lüterkofen-Ichertswil,1,2.285714285714286,0
2456,Lüterswil-Gächliwil,1,0,0
2457,Messen,1,0,0
2461,Schnottwil,1,0,0
2463,Unterramsern,1,0,0
2464,Lüsslingen-Nennigkofen,1,0,0
2465,Buchegg,1,.4285714285714285,4.555555562178294
2471,Bättwil,1,5.666666678019932,1.283333341280619
2472,Büren (SO),1,0,0
2473,Dornach,1,2.857142857142857,14.68750015894572
2474,Gempen,1,0,1.541666666666667
2475,Hochwald,1,0,0
2476,Hofstetten-Flüh,1,5.714285714285714,17.10456355412801
2477,Metzerlen-Mariastein,1,4.714285714285714,0
2478,Nuglar-St. Pantaleon,1,0,1.263888915379842
2479,Rodersdorf,1,.6428571428571429,1
2480,Seewen,1,0,.5833333333333334
2481,Witterswil,1,22.13265310014997,26.40277791023254
2491,Hauenstein-Ifenthal,1,0,0
2492,Kienberg,1,0,0
2493,Lostorf,1,8.909090909090908,4.875
2495,Niedergösgen,1,1.181818181818182,3.041666686534882
2497,Obergösgen,1,0,1.5
2498,Rohr (SO),1,0,0
2499,Stüsslingen,1,1.272727272727273,1.625
2500,Trimbach,1,3,5.475000023841858
2501,Winznau,1,2.181818181818182,3
2502,Wisen (SO),1,0,0
2503,Erlinsbach (SO),1,3.75,4.681818181818182
2511,Aeschi (SO),1,0,0
2513,Biberist,1,31.1088433946882,32.98333333432674
2514,Bolken,1,.6190476417541504,0
2516,Deitingen,1,1.714285714285714,0
2517,Derendingen,1,25.14285714285714,4.708333333333333
2518,Etziken,1,1.142857142857143,0
2519,Gerlafingen,1,27.5,4.416666666666667
2520,Halten,1,0,0
2523,Horriwil,1,1.357142857142857,0
2524,Hüniken,1,0,0
2525,Kriegstetten,1,2.489795923233032,7.916666666666667
2526,Lohn-Ammannsegg,1,3.785714285714286,3.333333333333333
2527,Luterbach,1,.5238095351627895,20.32738097508748
2528,Obergerlafingen,1,0,.6666666666666666
2529,Oekingen,1,0,0
2530,Recherswil,1,3.775510243007115,7.166666666666667
2532,Subingen,1,7.642857142857143,9.833333333333334
2534,Zuchwil,1,.2040816375187465,18.13055558999379
2535,Drei Höfe,1,2,0
2541,Balm bei Günsberg,1,.3846153846153846,0
2542,Bellach,1,3.607142857142857,28.04166666666667
2543,Bettlach,1,17.04761913844517,60.77777830759684
2544,Feldbrunnen-St. Niklaus,1,0,4.938492069641749
2545,Flumenthal,1,2.1406593139355,0
2546,Grenchen,1,144.8571428571429,218.9027773539225
2547,Günsberg,1,0,0
2548,Hubersdorf,1,1.519230769230769,3.194444497426351
2549,Kammersrohr,1,0,0
2550,Langendorf,1,3.884615384615385,3
2551,Lommiswil,1,0,2.458333333333333
2553,Oberdorf (SO),1,1.846153846153846,2.833333333333333
2554,Riedholz,1,6.943223458070022,0
2555,Rüttenen,1,.3846153846153846,1.416666666666667
2556,Selzach,1,8,44.33333333333334
2571,Boningen,1,0,0
2572,Däniken,1,8.181818181818182,9.5
2573,Dulliken,1,7.909090909090909,8.625
2574,Eppenberg-Wöschnau,1,0,0
2575,Fulenbach,1,0,0
2576,Gretzenbach,1,4.363636363636363,3.166666746139526
2578,Gunzgen,1,1.363636363636364,2
2579,Hägendorf,1,5.181818181818182,3.375
2580,Kappel (SO),1,6.181818181818182,4.9375
2581,Olten,1,55.78787881677801,39.03125008940697
2582,Rickenbach (SO),1,.5909090909090909,0
2583,Schönenwerd,1,13.625,3.333333333333333
2584,Starrkirch-Wil,1,1.696969725868919,3.666666686534882
2585,Walterswil (SO),1,0,.875
2586,Wangen bei Olten,1,7.272727272727272,11.25
2601,Solothurn,1,37.78571428571428,26.08333333333333
2611,Bärschwil,0,0,.1666666666666667
2612,Beinwil (SO),1,4.692307692307693,0
2613,Breitenbach,1,0,3.347222328186035
2614,Büsserach,1,1,1.75
2615,Erschwil,1,0,0
2616,Fehren,1,0,4.358333329359691
2617,Grindel,0,0,0
2618,Himmelried,1,1.607142857142857,0
2619,Kleinlützel,0,2.714285714285714,4.083333333333333
2620,Meltingen,1,0,.375
2621,Nunningen,1,2.142857142857143,1.583333333333333
2622,Zullwil,1,2.142857142857143,.2777777910232544
2701,Basel,1,4560.705759934017,4617.324016253154
2702,Bettingen,1,4.476190498897007,2.784722248713175
2703,Riehen,1,14.92857142857143,59.23333366711935
2761,Aesch (BL),1,34.71428612300328,14.83333333333333
2762,Allschwil,1,49.49999986376081,263.2535718282064
2763,Arlesheim,1,16.92857142857143,26.9513889948527
2764,Biel-Benken,1,14.14285714285714,28.7638889948527
2765,Binningen,1,19.47619066919599,58.23194408416748
2766,Birsfelden,1,4.285714285714286,13.42361116409302
2767,Bottmingen,1,15.71428571428571,51.25555531183878
2768,Ettingen,1,13.14285714285714,15.8125
2769,Münchenstein,1,6.928571428571429,20.82777794202169
2770,Muttenz,1,63.57142857142857,110.2972221374512
2771,Oberwil (BL),1,17.78571428571428,23.64305563767751
2772,Pfeffingen,1,5.346938814435687,8.437499960263571
2773,Reinach (BL),1,0,0
2774,Schönenbuch,1,3,9.841666698455811
2775,Therwil,1,77.78571428571429,264.1263888676961
2781,Blauen,1,2.142857142857143,.6041666666666666
2782,Brislach,1,0,.5833333333333334
2783,Burg im Leimental,1,0,0
2784,Dittingen,1,2.571428571428572,1.222222248713176
2785,Duggingen,1,2,2.333333333333333
2786,Grellingen,1,0,2.291666666666667
2787,Laufen,1,6.171428680419922,10.16666666666667
2788,Liesberg,0,6.714285714285714,10.29166666666667
2789,Nenzlingen,1,0,0
2790,Roggenburg,0,0,0
2791,Röschenz,1,.9642857142857143,1.055555582046509
2792,Wahlen,1,0,3.583333333333333
2793,Zwingen,1,1.142857142857143,1.916666666666667
2821,Arisdorf,1,10.50340162004743,17.77380953232447
2822,Augst,1,2.285714285714286,16
2823,Bubendorf,1,8.5,30.82400822639465
2824,Frenkendorf,1,.8571428571428571,15.73333329955737
2825,Füllinsdorf,1,11.71428571428571,2.166666666666667
2826,Giebenach,1,0,2.327777832746506
2827,Hersberg,1,0,1.472222248713176
2828,Lausen,1,4.428571428571429,5.791666666666667
2829,Liestal,1,18.19047628130232,75.72519779205322
2830,Lupsingen,1,0,2.666666686534882
2831,Pratteln,1,36.07142857142857,32.11666679382324
2832,Ramlinsburg,1,0,0
2833,Seltisberg,1,13.35714285714286,0
2834,Ziefen,1,8.571428571428571,2.666666666666667
2841,Anwil,1,0,0
2842,Böckten,1,0,.25
2843,Buckten,1,1.378787886012684,0
2844,Buus,1,0,.75
2845,Diepflingen,1,0,0
2846,Gelterkinden,1,5.380952426365444,3.394444505373637
2847,Häfelfingen,1,0,4.44444465637207
2848,Hemmiken,1,4.285714285714286,0
2849,Itingen,1,8,8.041666666666666
2850,Känerkinden,1,0,5.875
2851,Kilchberg (BL),1,0,0
2852,Läufelfingen,1,0,0
2853,Maisprach,1,0,2.595833341280619
2854,Nusshof,1,0,0
2855,Oltingen,1,0,0
2856,Ormalingen,1,0,1.708333333333333
2857,Rickenbach (BL),1,0,.6666666666666666
2858,Rothenfluh,1,0,0
2859,Rümlingen,1,1.142857142857143,0
2860,Rünenberg,1,1,3.333333333333333
2861,Sissach,1,8.952381134033203,30.04166666666667
2862,Tecknau,1,0,0
2863,Tenniken,1,2.142857142857143,2.333333333333333
2864,Thürnen,1,0,.575396845738093
2865,Wenslingen,1,0,0
2866,Wintersingen,1,4,2.333333333333333
2867,Wittinsburg,1,0,0
2868,Zeglingen,1,0,0
2869,Zunzgen,1,1.285714285714286,4.083333333333333
2881,Arboldswil,1,0,2.083333333333333
2882,Bennwil,1,2.84415585344488,0
2883,Bretzwil,1,0,4.708333333333333
2884,Diegten,1,.2954545454545455,0
2885,Eptingen,1,0,0
2886,Hölstein,1,0,5.416666666666667
2887,Lampenberg,1,0,0
2888,Langenbruck,1,.6969697041945024,1.895833373069763
2889,Lauwil,1,0,0
2890,Liedertswil,1,0,0
2891,Niederdorf,1,6.571428571428571,6.25
2892,Oberdorf (BL),1,10.71428571428571,252
2893,Reigoldswil,1,.7142857142857143,1.583333333333333
2894,Titterten,1,2.142857142857143,1
2895,Waldenburg,1,21.71428571428572,31.58333333333333
2901,Gächlingen,0,.3571428571428572,.8333333333333334
2903,Löhningen,0,0,9.41269850730896
2904,Neunkirch,0,2.142857142857143,19.41666666666667
2914,Büttenhardt,0,1.142857142857143,0
2915,Dörflingen,0,0,0
2917,Lohn (SH),0,0,0
2919,Stetten (SH),0,0,11.25
2920,Thayngen,0,9.714285714285714,14.5
2931,Bargen (SH),0,.8571428571428571,0
2932,Beringen,0,19,49.21944465239843
2933,Buchberg,1,2.857142857142857,1.833333333333333
2936,Merishausen,0,0,4.447619120279948
2937,Neuhausen am Rheinfall,0,227.4047633579799,355.3750012715657
2938,Rüdlingen,1,0,4.625
2939,Schaffhausen,0,144.6571429116385,368.3210318485896
2951,Beggingen,0,0,0
2952,Schleitheim,0,4.428571428571429,3.5
2953,Siblingen,0,4.714285714285714,3.473809560139974
2961,Buch (SH),0,0,0
2962,Hemishofen,0,0,2.055555621782938
2963,Ramsen,0,0,2.083333333333333
2964,Stein am Rhein,0,9.428571428571429,30.43055566151937
2971,Hallau,0,0,1.10833336909612
2972,Oberhallau,0,0,0
2973,Trasadingen,0,0,2.666666666666667
2974,Wilchingen,0,0,.8333333333333334
3001,Herisau,1,49.8833333492279,80.81481424967448
3002,Hundwil,1,0,0
3003,Schönengrund,1,0,0
3004,Schwellbrunn,1,.6,1.259259329901801
3005,Stein (AR),1,.4,.5555555555555556
3006,Urnäsch,1,0,1.444444444444444
3007,Waldstatt,1,0,.7037037213643392
3021,Bühler,1,2.7,5.222222222222222
3022,Gais,1,4.7,2.5
3023,Speicher,1,6.233333349227905,22.53703705469767
3024,Teufen (AR),1,26.15,36.47222222222222
3025,Trogen,1,0,1.111111111111111
3031,Grub (AR),1,1.1,0
3032,Heiden,1,4.8,15.77777777777778
3033,Lutzenberg,1,1.2,3.777777777777778
3034,Rehetobel,1,8.1,1.888888888888889
3035,Reute (AR),1,0,5
3036,Wald (AR),1,0,10.11111111111111
3037,Walzenhausen,1,.6,0
3038,Wolfhalden,1,1,.4166666666666667
3101,Appenzell,1,20.4,51.88888888888889
3102,Gonten,1,0,1.444444444444444
3103,Rüte,1,0,0
3104,Schlatt-Haslen,1,0,.8333333333333334
3105,Schwende,1,0,0
3111,Oberegg,1,12.4,3.777777777777778
3201,Häggenschwil,1,.275,.0925925970077515
3202,Muolen,1,0,7.111111111111111
3203,St. Gallen,1,125.3983333587646,197.8518516752455
3204,Wittenbach,1,22.225,114.7222213745117
3211,Berg (SG),1,.7,0
3212,Eggersriet,1,.8,3.777777777777778
3213,Goldach,1,12.98333334922791,5.703703774346246
3214,Mörschwil,1,2.4,3.666666666666667
3215,Rorschach,1,28.15,12.18518522050646
3216,Rorschacherberg,1,3,7.666666666666667
3217,Steinach,1,0,1.555555555555556
3218,Tübach,1,9.6,5.222222222222222
3219,Untereggen,1,0,1.222222222222222
3231,Au (SG),0,138.3571428571429,375.0361124674479
3232,Balgach,0,12.42857142857143,25.77777777860562
3233,Berneck,0,24.57142857142857,26.52777814865112
3234,Diepoldsau,0,24.14285714285714,44.5
3235,Rheineck,1,4.2,3.388888888888889
3236,St. Margrethen,1,6.3,14.55555555555556
3237,Thal,1,20.9,22.29629643758138
3238,Widnau,0,1.285714285714286,20.52499993642171
3251,Altstätten,1,66.60000076293946,100.4888894822862
3252,Eichberg,1,2.933333349227905,1.666666666666667
3253,Marbach (SG),1,2,3.851851887173123
3254,Oberriet (SG),1,6.651515180414373,6.145833402872086
3255,Rebstein,0,2,29.58333333333333
3256,Rüthi (SG),1,3.727272727272727,0
3271,Buchs (SG),1,37.8939397985285,152.5758939981461
3272,Gams,1,18.31060608950528,14.95000004768372
3273,Grabs,1,27.15909116918391,64.28214311599731
3274,Sennwald,1,8.439393953843551,40.75
3275,Sevelen,1,15.44090912558816,27.14107179641724
3276,Wartau,1,47.15151544050737,86.70505973696709
3291,Bad Ragaz,1,0,0
3292,Flums,0,24,8.513888915379843
3293,Mels,1,18.78030369498513,4.657738149166107
3294,Pfäfers,1,19.8,25.8796296649509
3295,Quarten,0,0,2.833333333333333
3296,Sargans,1,20.39393940838901,14.81666707992554
3297,Vilters-Wangs,1,23.30303044752641,26.1994047164917
3298,Walenstadt,0,1.952380997794015,13.61805574099223
3311,Amden,0,0,.2333333293596903
3312,Benken (SG),1,2.818181818181818,4.5
3313,Kaltbrunn,1,0,3.125
3315,Schänis,1,1.181818181818182,4.25
3316,Weesen,0,3.571428571428572,4.888888915379842
3338,Schmerikon,1,7.428571428571429,2.583333333333333
3339,Uznach,1,0,0
3340,Rapperswil-Jona,1,147.2619040352958,321.5375010172526
3341,Gommiswald,1,16.61363636363636,20.08333349227905
3342,Eschenbach (SG),1,26.31313133239746,24.74166679382324
3352,Ebnat-Kappel,0,1.142857142857143,17.25
3359,Wildhaus-Alt St. Johann,1,1.818181818181818,5.4375
3360,Nesslau,0,0,4.25
3372,Hemberg,0,2,0
3374,Lichtensteig,0,1.428571428571429,6.433333357175191
3375,Oberhelfenschwil,0,9,.4166666666666667
3378,Neckertal,1,3.1,4.333333333333333
3379,Wattwil,0,44.85714285714285,51.31944427887598
3392,Kirchberg (SG),0,18.71428571428572,48.88888889551163
3393,Lütisburg,0,3.857142857142857,1.416666666666667
3394,Mosnang,0,2.714285714285714,3.291666666666667
3395,Bütschwil-Ganterschwil,0,1.857142857142857,12.54166666666667
3401,Degersheim,1,3.6,11.07407410939535
3402,Flawil,1,27.63333320617676,30.4814813401964
3405,Jonschwil,0,.4285714285714285,6.125
3407,Oberuzwil,1,4.025,8
3408,Uzwil,1,108.55,224.4629618326823
3422,Niederbüren,1,1,3.666666666666667
3423,Niederhelfenschwil,1,.9,2.370370388031006
3424,Oberbüren,1,2.5,7.722222222222222
3426,Zuzwil (SG),0,3.071428571428572,7.861111164093018
3427,Wil (SG),0,19.92857142857143,52.65277767181396
3441,Andwil (SG),1,4.55,1.444444444444444
3442,Gaiserwald,1,7.4,26.47222222222222
3443,Gossau (SG),1,33.725,43.05555555555556
3444,Waldkirch,1,0,1
3506,Vaz/Obervaz,1,1.55,.6111111111111112
3513,Lantsch/Lenz,1,0,0
3514,Schmitten (GR),0,0,0
3542,Albula/Alvra,0,0,1.666666666666667
3543,Surses,0,3.285714285714286,0
3544,Bergün Filisur,0,0,0
3551,Brusio,0,0,0
3561,Poschiavo,0,5,2.166666666666667
3572,Falera,0,0,.4166666666666667
3575,Laax,1,0,2.5
3581,Sagogn,0,0,0
3582,Schluein,0,0,0
3603,Vals,0,1,0
3618,Lumnezia,0,0,1.166666666666667
3619,Ilanz/Glion,0,0,2.416666666666667
3633,Fürstenau,1,0,0
3637,Rothenbrunnen,1,0,0
3638,Scharans,0,0,3.375
3640,Sils im Domleschg,0,0,0
3661,Cazis,0,0,.4166666666666667
3662,Flerden,0,0,0
3663,Masein,0,0,0
3668,Thusis,0,4.571428571428571,0
3669,Tschappina,0,0,0
3670,Urmein,0,0,0
3672,Safiental,0,0,0
3673,Domleschg,1,.6,2
3681,Avers,0,0,0
3691,Hinterrhein,0,0,0
3693,Nufenen,0,0,0
3694,Splügen,0,0,0
3695,Sufers,0,0,.5833333333333334
3701,Andeer,0,0,0
3703,Casti-Wergenstein,0,0,0
3705,Donat,0,0,1.583333333333333
3707,Lohn (GR),0,0,0
3708,Mathon,0,0,0
3711,Rongellen,0,0,0
3712,Zillis-Reischen,0,0,0
3713,Ferrera,0,.5714285714285714,0
3721,Bonaduz,1,12.1,57.72222222222222
3722,Domat/Ems,1,32,214.3333333333333
3723,Rhäzüns,1,0,.7777777777777778
3731,Felsberg,1,3.4,2.555555555555555
3732,Flims,1,1.5,1.666666666666667
3733,Tamins,1,0,3.555555555555555
3734,Trin,1,.6,0
3746,Zernez,0,0,0
3752,Samnaun,0,0,0
3762,Scuol,0,7.238095419747489,2.791666693985462
3764,Valsot,0,.8571428571428571,0
3781,Bever,0,0,0
3782,Celerina/Schlarigna,0,0,0
3783,Madulain,0,0,0
3784,Pontresina,0,0,0
3785,La Punt-Chamues-ch,0,0,4.708333333333333
3786,Samedan,0,2.571428571428572,0
3787,St. Moritz,0,7.75,16.58333333333333
3788,S-chanf,0,0,.4722222487131755
3789,Sils im Engadin/Segl,0,0,.0277777786056201
3790,Silvaplana,0,2.714285714285714,0
3791,Zuoz,0,0,4.5
3792,Bregaglia,0,1.785714285714286,1.416666666666667
3804,Buseno,0,0,0
3805,Castaneda,0,0,0
3808,Rossa,0,0,0
3810,Santa Maria in Calanca,0,0,0
3821,Lostallo,0,0,0
3822,Mesocco,0,0,0
3823,Soazza,0,0,0
3831,Cama,0,0,0
3832,Grono,0,3.142857142857143,7.916666666666667
3834,Roveredo (GR),0,1.285714285714286,3.333333333333333
3835,San Vittore,0,0,23
3837,Calanca,0,0,0
3847,Val Müstair,0,7.142857142857143,8.583333333333334
3851,Davos,0,13.09523827689035,29.88888895511627
3861,Fideris,0,0,0
3862,Furna,0,0,.9166666666666666
3863,Jenaz,0,0,0
3871,Klosters-Serneus,0,17,3.5
3881,Conters im Prättigau,0,0,0
3882,Küblis,0,0,2.375
3891,Luzein,0,0,2.416666666666667
3901,Chur,1,238.5233333587647,113.4957671695285
3911,Churwalden,1,1.3,0
3921,Arosa,1,7.6,1.555555555555556
3926,Maladers,1,0,0
3932,Tschiertschen-Praden,1,0,0
3941,Haldenstein,1,0,7.055555555555555
3945,Trimmis,1,9.65,2.5
3946,Untervaz,1,2.458333396911621,1.85185186068217
3947,Zizers,1,3.45,0
3951,Fläsch,1,1.6,1.018518527348836
3952,Jenins,1,4.6,1.888888888888889
3953,Maienfeld,1,14.2,12.58333333333333
3954,Malans,1,2.3,0
3955,Landquart,1,59.11944446563721,56.77777777777778
3961,Grüsch,1,4.6,17.33333333333333
3962,Schiers,0,2.285714285714286,1.027777791023254
3972,Seewis im Prättigau,1,1.2,7.444444444444445
3981,Breil/Brigels,0,0,0
3982,Disentis/Mustér,0,0,0
3983,Medel (Lucmagn),0,0,0
3985,Sumvitg,0,0,0
3986,Tujetsch,0,0,0
3987,Trun,0,0,.5833333333333334
3988,Obersaxen Mundaun,0,0,0
4001,Aarau,1,39.09375023841858,47.99646466428583
4002,Biberstein,1,.625,9.045454545454545
4003,Buchs (AG),1,9.125,21.86363636363636
4004,Densbüren,1,0,3.909090909090909
4005,Erlinsbach (AG),1,0,0
4006,Gränichen,1,2.875,16.18181818181818
4007,Hirschthal,1,3.6875,0
4008,Küttigen,1,5.375,0
4009,Muhen,1,2.260416686534882,0
4010,Oberentfelden,1,31.5,25.95454545454545
4012,Suhr,1,9.416666746139526,5.472727342085405
4013,Unterentfelden,1,10.875,5.209090839732777
4021,Baden,1,674.5729165077209,1203.758658669212
4022,Bellikon,1,0,.6363636363636364
4023,Bergdietikon,1,40.5,47.66666668111628
4024,Birmenstorf (AG),1,0,4.598484906283292
4026,Ennetbaden,1,5.50000011920929,20.4848484992981
4027,Fislisbach,1,13.72916668653488,7.606060613285411
4028,Freienwil,1,0,0
4029,Gebenstorf,1,3.0625,5.340909090909091
4030,Killwangen,1,4,4
4031,Künten,1,1.5625,4.272727272727272
4032,Mägenwil,1,7.875,26.97727272727273
4033,Mellingen,1,6.333333492279053,10.07575763355602
4034,Neuenhof,1,3.208333373069763,4.636363636363637
4035,Niederrohrdorf,1,8.125,6.181818181818182
4037,Oberrohrdorf,1,6.25,6.090909090909091
4038,Obersiggenthal,1,8.81250011920929,15.79545463215221
4039,Remetschwil,1,1.354166686534882,16
4040,Spreitenbach,1,14.125,10.06060606783087
4041,Stetten (AG),1,2.125,4.545454545454546
4042,Turgi,1,10,1.477272727272727
4044,Untersiggenthal,1,2.875,16.81060617620295
4045,Wettingen,1,35.78125023841858,61.25757590207186
4046,Wohlenschwil,1,3.625,1.212121226570823
4047,Würenlingen,1,3.625,13.36363636363636
4048,Würenlos,1,16.50000011920929,25.12121217901057
4049,Ehrendingen,1,1.1875,5.272727272727272
4061,Arni (AG),1,3.875,3.727272727272727
4062,Berikon,1,1.5,0
4063,Bremgarten (AG),1,9.75,34.09090900421143
4064,Büttikon,1,0,0
4065,Dottikon,1,18.97916674613953,17.72727279229598
4066,Eggenwil,1,0,2
4067,Fischbach-Göslikon,1,.2083333432674408,0
4068,Hägglingen,1,.4375,1.727272727272727
4071,Jonen,1,.4166666865348816,.2727272727272727
4072,Niederwil (AG),1,1,.8181818181818182
4073,Oberlunkhofen,1,0,2
4074,Oberwil-Lieli,1,1.25,4.818181818181818
4075,Rudolfstetten-Friedlisberg,1,6.625,23.69696946577592
4076,Sarmenstorf,1,0,1.272727272727273
4077,Tägerig,1,0,.2727272727272727
4078,Uezwil,1,0,0
4079,Unterlunkhofen,1,.625,9.75
4080,Villmergen,1,10.8125,7.484848542646929
4081,Widen,1,23.4375,9.28787881677801
4082,Wohlen (AG),1,63.34375,94.59343511408025
4083,Zufikon,1,13.625,52.81818181818182
4084,Islisberg,1,0,0
4091,Auenstein,1,0,0
4092,Birr,1,12.32291686534882,5.242424249649048
4093,Birrhard,1,0,0
4094,Bözen,1,.75,0
4095,Brugg,1,33.81250023841858,36.55303027413108
4096,Effingen,1,0,.4545454545454545
4097,Elfingen,1,0,0
4099,Habsburg,1,.21875,1
4100,Hausen (AG),1,8.395833253860474,0
4104,Lupfig,1,0,0
4105,Mandach,1,.5,0
4106,Mönthal,1,0,0
4107,Mülligen,1,1.979166746139526,0
4110,Remigen,1,3.125,4.454545454545454
4111,Riniken,1,1.25,0
4112,Rüfenach,1,0,0
4114,Schinznach-Bad,1,1,1
4117,Thalheim (AG),1,0,0
4120,Veltheim (AG),1,1,12.36363636363636
4121,Villigen,1,17.58333337306976,67.56060606783086
4122,Villnachern,1,.6875,1.163636364720084
4123,Windisch,1,4.1875,6.272727272727272
4124,Bözberg,1,.6250000298023224,0
4125,Schinznach,1,0,3.5
4131,Beinwil am See,0,0,0
4132,Birrwil,0,8.714285714285714,0
4133,Burg (AG),0,3.714285714285714,1.388888915379842
4134,Dürrenäsch,1,2.75,1.818181818181818
4135,Gontenschwil,1,.5,0
4136,Holziken,1,0,0
4137,Leimbach (AG),0,1.428571428571429,.75
4138,Leutwil,1,1.875,2.863636363636364
4139,Menziken,0,5.714285714285714,2.23333332935969
4140,Oberkulm,1,9.3125,4
4141,Reinach (AG),0,29.14285714285714,34.5
4142,Schlossrued,1,0,0
4143,Schmiedrued,1,.375,2.333333333333333
4144,Schöftland,1,4.28125,6.666666666666667
4145,Teufenthal (AG),1,3.375,1.363636363636364
4146,Unterkulm,1,27,28.66666666666667
4147,Zetzwil,1,.75,0
4161,Eiken,1,1.5,1.242424271323464
4163,Frick,1,.625,3.615151578729803
4164,Gansingen,1,0,.7727272727272727
4165,Gipf-Oberfrick,1,16.0625,5.136363636363637
4166,Herznach,1,.75,.6363636363636364
4167,Hornussen,1,0,0
4169,Kaisten,1,1.958333373069763,.4545454545454545
4170,Laufenburg,1,0,2.181818181818182
4172,Münchwilen (AG),1,1.25,7.272727272727272
4173,Oberhof,1,.375,0
4175,Oeschgen,1,0,0
4176,Schwaderloch,1,0,1.636363636363636
4177,Sisseln,1,3.75,1.575757590207187
4179,Ueken,1,0,0
4181,Wittnau,1,0,0
4182,Wölflinswil,1,0,0
4183,Zeihen,1,0,0
4184,Mettauertal,1,1.5625,1.727272727272727
4191,Ammerswil,1,0,0
4192,Boniswil,1,1.8125,3.272727272727273
4193,Brunegg,1,0,0
4194,Dintikon,1,5.9375,4.068181818181818
4195,Egliswil,1,1.125,2.373737335205078
4196,Fahrwangen,1,1.25,2.545454545454545
4197,Hallwil,1,12.125,1.363636363636364
4198,Hendschiken,1,1.375,0
4199,Holderbank (AG),1,.75,0
4200,Hunzenschwil,1,7.625,19.36363636363636
4201,Lenzburg,1,7.125,19.28282828764482
4202,Meisterschwanden,1,12.25,8.828282833099365
4203,Möriken-Wildegg,1,2.625,3.045454545454545
4204,Niederlenz,1,13.8125,7.022727272727272
4205,Othmarsingen,1,1,4.742424184625799
4206,Rupperswil,1,4,19.87878788601268
4207,Schafisheim,1,0,0
4208,Seengen,1,1.5,2.590909090909091
4209,Seon,1,7.75,14.20454545454546
4210,Staufen,1,0,2.090909090909091
4221,Abtwil,1,0,.625
4222,Aristau,1,.75,0
4223,Auw,0,.5,2.083333333333333
4224,Beinwil (Freiamt),0,0,0
4226,Besenbüren,1,4.666666865348816,0
4227,Bettwil,1,0,0
4228,Boswil,1,1.625,.8787879076871005
4229,Bünzen,1,3.125,.8181818181818182
4230,Buttwil,0,.5714285714285714,0
4231,Dietwil,1,0,.25
4232,Geltwil,0,0,8.916666666666666
4233,Kallern,1,0,0
4234,Merenschwand,0,2.857142857142857,.8333333333333334
4235,Mühlau,0,0,1.166666666666667
4236,Muri (AG),1,9.25,38.55555551702326
4237,Oberrüti,1,0,0
4238,Rottenschwil,1,0,.5909090909090909
4239,Sins,0,6,.8888888955116272
4240,Waltenschwil,1,8.541666507720947,32.77272727272727
4251,Hellikon,0,0,1.833333333333333
4252,Kaiseraugst,1,3,8.805555661519369
4253,Magden,1,4.142857142857143,12.67361112435659
4254,Möhlin,1,7.285714285714286,14.20833333333333
4255,Mumpf,1,0,.5833333333333334
4256,Obermumpf,1,.625,0
4257,Olsberg,1,0,0
4258,Rheinfelden,1,14.71428571428571,37.39861101905505
4259,Schupfart,1,0,0
4260,Stein (AG),1,0,12.22727272727273
4261,Wallbach,1,3.132653100149972,7.944444557030995
4262,Wegenstetten,1,0,1.060606089505282
4263,Zeiningen,1,0,.5833333333333334
4264,Zuzgen,1,.3571428571428572,0
4271,Aarburg,1,10.06818181818182,12
4272,Attelwil,1,0,0
4273,Bottenwil,1,0,0
4274,Brittnau,1,5.375,3.666666666666667
4275,Kirchleerau,1,3.1875,0
4276,Kölliken,1,1.4375,2
4277,Moosleerau,1,0,0
4279,Murgenthal,1,1.363636363636364,4.0625
4280,Oftringen,1,94.27272727272727,62.4375
4281,Reitnau,1,3.125,9.666666666666666
4282,Rothrist,1,20.86363636363636,20.125
4283,Safenwil,1,0,0
4284,Staffelbach,1,.5625,0
4285,Strengelbach,1,12.90909090909091,3.25
4286,Uerkheim,1,.6875,0
4287,Vordemwald,1,0,0
4288,Wiliberg,1,.75,0
4289,Zofingen,1,44.36363636363637,40.25
4301,Baldingen,1,0,0
4302,Böbikon,1,0,0
4303,Böttstein,1,3.75,5.212121226570823
4304,Döttingen,1,.3333333432674408,6.318181818181818
4305,Endingen,1,7.5625,3.5
4306,Fisibach,1,0,0
4307,Full-Reuenthal,1,1,0
4308,Kaiserstuhl,1,0,0
4309,Klingnau,1,4.416666686534882,2.439393997192383
4310,Koblenz,1,7.25,3.636363636363636
4311,Leibstadt,1,2,.9090909090909091
4312,Lengnau (AG),1,1.75,6.727272727272728
4313,Leuggern,1,1.5,.5
4314,Mellikon,1,5.625,0
4315,Rekingen (AG),1,2.375,3.227272727272727
4316,Rietheim,1,0,1.272727272727273
4317,Rümikon,1,0,.5454545454545454
4318,Schneisingen,1,1.375,3.409090909090909
4319,Siglistorf,1,0,1.090909090909091
4320,Tegerfelden,1,0,.6363636363636364
4322,Wislikofen,1,0,1
4323,Bad Zurzach,1,0,9.159090909090908
4401,Arbon,1,47.3683334350586,128.6537034776476
4406,Dozwil,0,0,0
4411,Egnach,1,9.4,1.111111111111111
4416,Hefenhofen,1,0,0
4421,Horn,1,4.333333396911621,6.333333333333333
4426,Kesswil,0,5.142857142857143,0
4431,Roggwil (TG),1,6.95,7.388888888888889
4436,Romanshorn,1,31.40000012814999,74.78888871934679
4441,Salmsach,1,0,0
4446,Sommeri,1,0,0
4451,Uttwil,1,0,3.888888888888889
4461,Amriswil,1,1.3,3.333333333333333
4471,Bischofszell,1,0,4
4476,Erlen,1,4.4,1.861111111111111
4486,Hauptwil-Gottshaus,1,8,8.333333333333334
4495,Hohentannen,1,0,.6666666666666666
4501,Kradolf-Schönenberg,1,1,1.111111111111111
4506,Sulgen,0,2.857142857142857,5
4511,Zihlschlacht-Sitterdorf,1,2,3.888888888888889
4536,Basadingen-Schlattingen,1,0,3.527777791023254
4545,Diessenhofen,0,7.214285714285714,9.083333333333334
4546,Schlatt (TG),1,1.857142857142857,5.472222278515498
4551,Aadorf,1,19.2380952835083,25.41666666666667
4561,Felben-Wellhausen,1,2,7.833333333333333
4566,Frauenfeld,1,7.857142857142857,49.125
4571,Gachnang,1,63.71428571428572,62.54166666666666
4590,Hüttlingen,1,1.285714285714286,.9166666666666666
4591,Matzingen,1,5.142857142857143,5.263888915379842
4601,Neunforn,1,1.428571428571429,0
4606,Stettfurt,1,1,5.625
4611,Thundorf,1,5.857142857142857,0
4616,Uesslingen-Buch,1,0,0
4621,Warth-Weiningen,1,2.428571428571428,0
4641,Altnau,0,1.285714285714286,.8333333333333334
4643,Bottighofen,0,1,.6666666666666666
4646,Ermatingen,0,9.285714285714286,36
4651,Gottlieben,0,0,0
4656,Güttingen,0,0,5.5
4666,Kemmental,0,6.857142857142857,3.916666666666667
4671,Kreuzlingen,0,56.92857142857143,71.59722232818604
4681,Langrickenbach,0,0,0
4683,Lengwil,0,8,33.20833333333334
4691,Münsterlingen,0,4.714285714285714,9.69444445768992
4696,Tägerwilen,0,29.61904764175415,63.20833333333334
4701,Wäldi,0,0,1.72222222884496
4711,Affeltrangen,0,0,0
4716,Bettwiesen,0,0,3.416666666666667
4721,Bichelsee-Balterswil,1,2.428571428571428,2.3125
4723,Braunau,0,0,0
4724,Eschlikon,1,1.571428571428571,7.666666666666667
4726,Fischingen,0,0,11.91666666666667
4741,Lommis,1,0,0
4746,Münchwilen (TG),0,4.857142857142857,15.84722232818604
4751,Rickenbach (TG),0,1.285714285714286,0
4756,Schönholzerswilen,0,0,0
4761,Sirnach,0,7.857142857142857,12.89583333333333
4776,Tobel-Tägerschen,0,0,7.333333333333333
4781,Wängi,1,.4761904988970075,5.5
4786,Wilen (TG),0,0,0
4791,Wuppenau,0,0,1.791666666666667
4801,Berlingen,0,0,5.361111124356587
4806,Eschenz,0,.1428571428571428,1
4811,Herdern,1,0,1.291666666666667
4816,Homburg,0,0,.4583333333333333
4821,Hüttwilen,1,.8571428571428571,0
4826,Mammern,0,3.857142857142857,.9166666666666666
4831,Müllheim,0,0,1.833333333333333
4841,Pfyn,1,0,3.875
4846,Raperswilen,0,1,.625
4851,Salenstein,0,4.285714285714286,2.986111124356588
4864,Steckborn,0,27.28571428571428,40.70833333333334
4871,Wagenhausen,1,1,0
4881,Amlikon-Bissegg,0,0,0
4891,Berg (TG),0,6,28.19791666666667
4901,Birwinken,0,0,0
4911,Bürglen (TG),0,3.142857142857143,5.75
4921,Bussnang,0,4.142857142857143,1.666666666666667
4941,Märstetten,0,0,2.166666666666667
4946,Weinfelden,0,24.78571428571428,21.14236116409302
4951,Wigoltingen,0,0,0
5001,Arbedo-Castione,0,.8571428571428571,4.333333333333333
5002,Bellinzona,0,13.0000000510897,34.79166666666666
5003,Cadenazzo,1,0,0
5009,Isone,1,1.285714285714286,0
5010,Lumino,0,0,0
5017,Sant'Antonino,1,1.571428571428571,3.166666666666667
5048,Acquarossa,0,.5,0
5049,Blenio,0,.2142857142857143,3.055555582046509
5050,Serravalle,0,2.300000054495675,9.741666615009308
5061,Airolo,0,0,.5833333333333334
5063,Bedretto,0,0,0
5064,Bodio,0,6.928571428571429,3.083333333333333
5071,Dalpe,0,0,0
5072,Faido,0,3.571428571428572,.1666666666666667
5073,Giornico,0,0,0
5076,Personico,0,0,0
5077,Pollegio,0,0,0
5078,Prato (Leventina),0,.5,0
5079,Quinto,0,1,.3333333333333333
5091,Ascona,0,9.142857142857142,14
5095,Brione (Verzasca),0,0,0
5096,Brione sopra Minusio,0,0,1
5097,Brissago,0,0,0
5102,Corippo,0,0,0
5105,Frasco,0,0,0
5108,Gordola,0,2.571428571428572,4.25
5112,Lavertezzo,0,0,0
5113,Locarno,0,2.142857142857143,11
5115,Losone,0,112,87.25
5117,Mergoscia,0,0,0
5118,Minusio,0,14.42857142857143,11.91666666666667
5120,Muralto,0,0,0
5121,Orselina,0,0,1.25
5125,Ronco sopra Ascona,0,0,0
5129,Sonogno,0,0,0
5131,Tenero-Contra,0,.7142857142857143,.8333333333333334
5135,Vogorno,0,0,0
5136,Onsernone,0,0,0
5138,Cugnasco-Gerra,0,.8571428571428571,6.916666666666667
5141,Agno,1,9,8.805555582046509
5143,Aranno,1,0,0
5144,Arogno,1,.4285714285714285,4.055555562178294
5146,Astano,1,0,0
5148,Bedano,1,6,28.33333333333333
5149,Bedigliora,1,.7142857142857143,0
5151,Bioggio,1,13.85714285714286,33.75
5154,Bissone,1,.3571428571428572,0
5160,Brusino Arsizio,0,.5714285714285714,1.861111124356588
5161,Cademario,1,0,2.083333333333333
5162,Cadempino,1,0,0
5167,Canobbio,1,0,.4166666666666667
5171,Caslano,1,0,0
5176,Comano,1,6.428571428571429,0
5178,Croglio,1,0,0
5180,Cureglia,1,.4285714285714285,0
5181,Curio,1,1.714285714285714,0
5186,Grancia,1,0,.7083333333333334
5187,Gravesano,1,1.285714285714286,1.583333333333333
5189,Lamone,1,5.857142857142857,8.708333333333334
5192,Lugano,1,222.6333342279707,305.7926587065061
5193,Magliaso,1,1.857142857142857,5.513888895511627
5194,Manno,1,1.428571428571429,31.68055534362793
5195,Maroggia,1,0,0
5196,Massagno,1,0,0
5197,Melano,1,0,.4166666666666667
5198,Melide,1,0,1.458333333333333
5199,Mezzovico-Vira,1,6.285714285714286,19.78333338101705
5200,Miglieglia,1,0,0
5202,Monteggio,1,0,1
5203,Morcote,1,0,0
5205,Muzzano,1,0,1.416666666666667
5206,Neggio,1,0,0
5207,Novaggio,1,7.428571428571429,1.083333333333333
5208,Origlio,1,1.547619070325579,1.75
5210,Paradiso,1,0,0
5212,Ponte Capriasca,1,0,0
5213,Ponte Tresa,1,0,0
5214,Porza,1,0,1.583333333333333
5216,Pura,1,0,.3125
5219,Rovio,1,0,2.583333333333333
5221,Savosa,1,0,4.166666666666667
5222,Sessa,1,2.142857142857143,.1666666666666667
5225,Sorengo,1,2.285714285714286,5.25
5226,Capriasca,1,2.357142857142857,17.25
5227,Torricella-Taverne,1,4.800000054495675,.75
5230,Vernate,1,1.714285714285714,1.5
5231,Vezia,1,0,1.083333333333333
5233,Vico Morcote,1,1.952380997794015,12.66666666666667
5236,Collina d'Oro,1,20.92857142857143,17.94444455703099
5237,Alto Malcantone,1,2,3.5
5238,Monteceneri,1,3.142857142857143,5.798611124356587
5242,Balerna,0,.2857142857142857,6.236111164093018
5249,Castel San Pietro,0,0,32.875
5250,Chiasso,0,26,37.60000075896581
5251,Coldrerio,0,0,3.75
5254,Mendrisio,1,11.04761934280396,51.35416666666666
5257,Morbio Inferiore,0,2.857142857142857,0
5260,Novazzano,0,4.571428571428571,1.166666666666667
5263,Riva San Vitale,1,5.571428571428571,0
5266,Stabio,0,5.857142857142857,21.66666666666667
5268,Vacallo,0,2.357142857142857,13.59166677792867
5269,Breggia,0,.5714285714285714,1.583333333333333
5281,Biasca,0,3.761904682431902,9.75555557012558
5287,Riviera,0,1.428571428571429,1.493055582046509
5304,Bosco/Gurin,0,0,0
5307,Campo (Vallemaggia),0,0,0
5309,Cerentino,0,0,0
5310,Cevio,0,0,0
5315,Linescio,0,0,0
5317,Maggia,0,0,0
5323,Lavizzara,0,0,0
5324,Avegno Gordevio,0,.8571428571428571,0
5396,Terre di Pedemonte,0,.8571428571428571,1.833333333333333
5397,Centovalli,0,.7857142857142857,3.916666666666667
5398,Gambarogno,0,1.142857142857143,2.5
5401,Aigle,0,3.285714285714286,2.5
5402,Bex,0,8.5,20.95833333333333
5403,Chessel,0,0,0
5404,Corbeyrier,0,0,1.666666666666667
5405,Gryon,0,0,0
5406,Lavey-Morcles,0,0,.125
5407,Leysin,0,0,.9166666666666666
5408,Noville,0,0,.75
5409,Ollon,0,6.5,8.208333333333334
5410,Ormont-Dessous,0,0,0
5411,Ormont-Dessus,0,0,.5
5412,Rennaz,0,0,1
5413,Roche (VD),0,0,1.5
5414,Villeneuve (VD),0,6.428571428571429,4.416666666666667
5415,Yvorne,0,0,0
5421,Apples,0,0,15.83333333333333
5422,Aubonne,0,4.571428571428571,61.27777783075968
5423,Ballens,0,0,2.5
5424,Berolle,0,0,0
5425,Bière,0,0,0
5426,Bougy-Villars,0,4.285714285714286,.6666666666666666
5427,Féchy,0,.8571428571428571,0
5428,Gimel,0,4.428571428571429,13.95833333333333
5429,Longirod,0,0,0
5430,Marchissy,0,0,0
5431,Mollens (VD),0,0,2.694444338480631
5432,Montherod,0,0,0
5434,Saint-George,0,0,0
5435,Saint-Livres,0,0,0
5436,Saint-Oyens,0,0,0
5437,Saubraz,0,0,0
5451,Avenches,1,0,.25
5456,Cudrefin,1,0,11.66666666666667
5458,Faoug,1,0,.5
5464,Vully-les-Lacs,1,0,.4166666666666667
5471,Bettens,1,0,0
5472,Bournens,0,.7142857142857143,0
5473,Boussens,0,.4761904988970075,0
5474,La Chaux (Cossonay),0,0,0
5475,Chavannes-le-Veyron,0,0,0
5476,Chevilly,0,1.357142857142857,2.583333333333333
5477,Cossonay,0,.4761904988970075,.7833333313465118
5478,Cottens (VD),0,0,.5416666666666666
5479,Cuarnens,0,.75,0
5480,Daillens,0,4.333333356039865,7.666666666666667
5481,Dizy,1,0,0
5482,Eclépens,0,8,14.58333333333333
5483,Ferreyres,1,0,4.636363636363637
5484,Gollion,0,0,1
5485,Grancy,0,0,1.833333333333333
5486,L'Isle,0,0,0
5487,Lussery-Villars,0,0,0
5488,Mauraz,0,0,.625
5489,Mex (VD),0,3.183673586164202,5.666666666666667
5490,Moiry,0,0,0
5491,Mont-la-Ville,0,0,.6666666666666666
5492,Montricher,0,0,0
5493,Orny,1,0,0
5494,Pampigny,0,0,.9583333333333334
5495,Penthalaz,0,0,.5833333333333334
5496,Penthaz,0,0,0
5497,Pompaples,1,.3125,.3030303174799139
5498,La Sarraz,1,0,1.909090909090909
5499,Senarclens,0,0,48.58333333333334
5500,Sévery,0,2.571428571428572,2.3125
5501,Sullens,0,3.571428571428572,.9305555621782938
5503,Vufflens-la-Ville,0,.4285714285714285,2.583333333333333
5511,Assens,1,0,4.272727272727272
5512,Bercher,1,0,0
5513,Bioley-Orjulaz,1,0,0
5514,Bottens,1,0,0
5515,Bretigny-sur-Morrens,1,0,0
5516,Cugy (VD),1,1.25,.8181818181818182
5518,Echallens,1,1.625,3.5
5520,Essertines-sur-Yverdon,1,2.479166686534882,3.727272727272727
5521,Etagnières,1,8.375,2.363636363636364
5522,Fey,1,0,0
5523,Froideville,1,1.375,3.136363636363636
5527,Morrens (VD),1,1.1875,3.318181818181818
5529,Oulens-sous-Echallens,1,0,1.272727272727273
5530,Pailly,1,0,0
5531,Penthéréaz,1,1.625,0
5533,Poliez-Pittet,1,0,0
5534,Rueyres,1,0,0
5535,Saint-Barthélemy (VD),1,0,0
5537,Villars-le-Terroir,1,0,0
5539,Vuarrens,1,0,0
5540,Montilliez,1,0,9
5541,GoumoÎns,1,0,.3138528303666548
5551,Bonvillars,1,1.875,0
5552,Bullet,1,0,0
5553,Champagne,1,1.25,5.636363636363637
5554,Concise,1,0,1.181818181818182
5555,Corcelles-près-Concise,1,0,0
5556,Fiez,1,6.125,.7272727272727273
5557,Fontaines-sur-Grandson,1,0,0
5559,Giez,1,2.625,.4090909090909091
5560,Grandevent,1,0,0
5561,Grandson,1,1.625,1.363636363636364
5562,Mauborget,1,0,0
5563,Mutrux,1,0,0
5564,Novalles,1,0,0
5565,Onnens (VD),1,6.25,87.54545454545455
5566,Provence,1,0,0
5568,Sainte-Croix,1,4.0625,3.878787886012684
5571,Tévenon,1,0,0
5581,Belmont-sur-Lausanne,0,3.190476281302316,9.0625
5582,Cheseaux-sur-Lausanne,1,20.875,139.6060610684482
5583,Crissier,0,26.66666684831892,13.45833333333333
5584,Epalinges,0,30.27380997794015,29.95912686983744
5585,Jouxtens-Mézery,0,0,0
5586,Lausanne,0,340.083334514073,787.5166685183843
5587,Le Mont-sur-Lausanne,0,2,16.70436517397563
5588,Paudex,0,0,.75
5589,Prilly,0,19.71428571428572,89.91666666666667
5590,Pully,0,119.25,203.1805559794108
5591,Renens (VD),0,28.71428571428572,58.76111094156901
5592,Romanel-sur-Lausanne,0,.8571428571428571,3.819444457689921
5601,Chexbres,0,5.571428571428571,1.183333337306976
5604,Forel (Lavaux),0,0,0
5606,Lutry,0,19,26.75727515419324
5607,Puidoux,0,0,8.090277781089148
5609,Rivaz,0,3.52380963734218,0
5610,Saint-Saphorin (Lavaux),0,0,1.416666666666667
5611,Savigny,0,7.142857142857143,3.333333333333333
5613,Bourg-en-Lavaux,0,14.28571428571429,4.916666666666667
5621,Aclens,0,.2142857142857143,.4166666666666667
5622,Bremblens,0,0,0
5623,Buchillon,0,1.428571428571429,1.666666666666667
5624,Bussigny,0,8.571428571428571,27.80000032981237
5625,Bussy-Chardonney,0,0,0
5627,Chavannes-près-Renens,0,3.642857142857143,15.52361110846202
5628,Chigny,0,0,0
5629,Clarmont,0,0,1.583333333333333
5631,Denens,0,8.285714285714286,2.98611111442248
5632,Denges,0,0,0
5633,Echandens,0,0,1.241666664679845
5634,Echichens,0,2.285714285714286,8.994444459676743
5635,Ecublens (VD),0,38.83333342415946,79.1438496907552
5636,Etoy,0,0,1.791666666666667
5637,Lavigny,0,1.428571428571429,.5416666666666666
5638,Lonay,0,1.857142857142857,14.41666664679845
5639,Lully (VD),0,0,2.847222228844961
5640,Lussy-sur-Morges,0,.5714285714285714,5.604166666666667
5642,Morges,0,33.80952385493687,59.29960346221924
5643,Préverenges,0,8.190476281302315,12.86111124356588
5644,Reverolle,0,0,0
5645,Romanel-sur-Morges,0,0,0
5646,Saint-Prex,0,1.928571428571429,15.08333333333333
5648,Saint-Sulpice (VD),0,36.5,35.77083337306976
5649,Tolochenaz,0,0,2.027777830759684
5650,Vaux-sur-Morges,0,0,4.416666666666667
5651,Villars-Sainte-Croix,0,2.178571428571428,1.416666666666667
5652,Villars-sous-Yens,0,0,.6666666666666666
5653,Vufflens-le-Château,0,.2380952494485038,6.666666666666667
5654,Vullierens,0,0,0
5655,Yens,0,7.571428571428571,2.416666666666667
5661,Boulens,1,0,.6363636363636364
5663,Bussy-sur-Moudon,1,0,0
5665,Chavannes-sur-Moudon,0,0,.6230158905188242
5669,Curtilles,0,0,.9166666666666666
5671,Dompierre (VD),0,0,0
5673,Hermenches,1,0,0
5674,Lovatens,0,0,0
5675,Lucens,0,0,6.666666666666667
5678,Moudon,1,0,4.545454545454546
5680,Ogens,1,0,0
5683,Prévonloup,0,0,0
5684,Rossenges,0,0,0
5688,Syens,0,0,0
5690,Villars-le-Comte,1,0,1.5
5692,Vucherens,0,0,0
5693,Montanaire,1,0,4.454545454545454
5701,Arnex-sur-Nyon,1,0,0
5702,Arzier-Le Muids,0,0,.3333333333333333
5703,Bassins,0,0,0
5704,Begnins,0,0,8.291666666666666
5705,Bogis-Bossey,1,0,0
5706,Borex,1,0,0
5707,Chavannes-de-Bogis,1,2.055555621782938,15.78571428571429
5708,Chavannes-des-Bois,1,0,0
5709,Chéserex,1,1.083333333333333,0
5710,Coinsins,0,0,0
5711,Commugny,1,4.020833333333333,16.9761905670166
5712,Coppet,1,9.548611323038736,4.571428571428571
5713,Crans-près-Céligny,1,1.083333333333333,7.428571428571429
5714,Crassier,1,1.375,0
5715,Duillier,0,0,0
5716,Eysins,0,6.285714285714286,7.661111315091451
5717,Founex,1,3.583333333333333,7.428571428571429
5718,Genolier,0,.8571428571428571,25.16666666666667
5719,Gingins,0,1.285714285714286,5.520833333333333
5720,Givrins,0,0,0
5721,Gland,0,14.28571428571429,25.52083333333333
5722,Grens,0,0,0
5723,Mies,1,4.5,4.142857142857143
5724,Nyon,0,32.54761941092355,64.43055514494579
5725,Prangins,0,3.714285714285714,13.375
5726,La Rippe,1,10.5,9.642857142857142
5727,Saint-Cergue,0,11.85714285714286,15
5728,Signy-Avenex,1,0,0
5729,Tannay,1,0,0
5730,Trélex,0,0,1.25
5731,Le Vaud,0,8.5,3.26666667064031
5732,Vich,0,0,139.9166666666667
5741,L'Abergement,1,0,0
5742,Agiez,1,0,0
5743,Arnex-sur-Orbe,1,0,0
5744,Ballaigues,1,7.5,10
5745,Baulmes,1,0,1.363636363636364
5746,Bavois,1,0,0
5747,Bofflens,1,0,0
5748,Bretonnières,1,0,0
5749,Chavornay,1,0,4.393939451737837
5750,Les Clées,1,0,0
5752,Croy,1,0,0
5754,Juriens,1,0,0
5755,Lignerolle,1,0,0
5756,Montcherand,1,0,0
5757,Orbe,1,1.875,2.090909090909091
5758,La Praz,0,0,0
5759,Premier,1,0,0
5760,Rances,1,0,0
5761,Romainmôtier-Envy,1,.5,3
5762,Sergey,1,0,0
5763,Valeyres-sous-Rances,1,0,0
5764,Vallorbe,1,5.666666746139526,.5757575902071866
5765,Vaulion,0,0,1.25
5766,Vuiteboeuf,1,0,0
5785,Corcelles-le-Jorat,0,4.5,2.25
5788,Essertes,0,0,0
5790,Maracon,0,0,0
5792,Montpreveyres,0,0,0
5798,Ropraz,0,2.785714285714286,0
5799,Servion,0,3.571428571428572,2.119047621885935
5803,Vulliens,0,0,0
5804,Jorat-Menthue,1,6.4375,16.54545454545455
5805,Oron,0,1,8.5
5806,Jorat-Mézières,0,26,11.75
5812,Champtauroz,1,0,0
5813,Chevroux,0,0,0
5816,Corcelles-près-Payerne,1,0,0
5817,Grandcour,1,0,1.416666666666667
5819,Henniez,1,0,0
5821,Missy,1,0,0
5822,Payerne,1,5.928571428571429,8.833333333333334
5827,Trey,1,0,0
5828,Treytorrens (Payerne),1,0,0
5830,Villarzel,1,0,0
5831,Valbroye,0,0,0
5841,Château-d'Oex,0,0,0
5842,Rossinière,0,0,0
5843,Rougemont,0,2.571428571428572,0
5851,Allaman,0,0,1.083333333333333
5852,Bursinel,0,0,0
5853,Bursins,0,0,0
5854,Burtigny,0,0,0
5855,Dully,0,3.142857142857143,7.583333333333333
5856,Essertines-sur-Rolle,0,0,0
5857,Gilly,0,0,0
5858,Luins,0,0,.6000000039736429
5859,Mont-sur-Rolle,0,0,5.375
5860,Perroy,0,1.714285714285714,0
5861,Rolle,0,0,0
5862,Tartegnin,0,13.08571406773159,11.41898151238759
5863,Vinzel,0,0,0
5871,L'Abbaye,0,0,32.83333333333334
5872,Le Chenit,0,12.69047628130232,27.48611124356588
5873,Le Lieu,0,6.571428571428571,7.25
5881,Blonay,0,1.142857142857143,12.04166666666667
5882,Chardonne,0,0,15.16666666666667
5883,Corseaux,0,0,8.555555582046509
5884,Corsier-sur-Vevey,0,1.142857142857143,.8055555820465088
5885,Jongny,0,0,1.666666666666667
5886,Montreux,0,16,19.87222234408061
5888,Saint-Légier-La Chiésaz,0,5.857142857142857,7.509259263674418
5889,La Tour-de-Peilz,0,2.142857142857143,6.81746032834053
5890,Vevey,0,502.4285714285714,1047.200002034505
5891,Veytaux,0,0,0
5902,Belmont-sur-Yverdon,1,0,0
5903,Bioley-Magnoux,1,0,0
5904,Chamblon,1,1.375,.3030303174799139
5905,Champvent,1,0,0
5907,Chavannes-le-ChÍne,1,0,.3030303174799139
5908,ChÍne-Pâquier,1,0,0
5909,Cheseaux-Noréaz,1,0,0
5910,Cronay,1,.375,0
5911,Cuarny,1,0,1.681818181818182
5912,Démoret,1,0,0
5913,Donneloye,1,.5,0
5914,Ependes (VD),1,0,0
5919,Mathod,1,0,0
5921,Molondin,1,0,0
5922,Montagny-près-Yverdon,1,2.75,2.363636363636364
5923,Oppens,1,0,0
5924,Orges,1,2.125,.7727272727272727
5925,Orzens,1,0,1.454545454545455
5926,Pomy,1,0,.5
5928,Rovray,1,0,0
5929,Suchy,1,0,0
5930,Suscévaz,1,0,0
5931,Treycovagnes,1,0,0
5932,Ursins,1,0,0
5933,Valeyres-sous-Montagny,1,0,.6363636363636364
5934,Valeyres-sous-Ursins,1,0,0
5935,Villars-Epeney,1,0,0
5937,Vugelles-La Mothe,1,0,0
5938,Yverdon-les-Bains,1,30.375,38.30000027743253
5939,Yvonand,1,16.75,14.27272727272727
6002,Brig-Glis,0,5.607142857142857,25.70833333333333
6004,Eggerberg,0,0,.2083333333333333
6007,Naters,0,8.071428571428571,3.666666666666667
6008,Ried-Brig,0,0,2.472222248713175
6009,Simplon,0,0,0
6010,Termen,0,0,.4166666666666667
6011,Zwischbergen,0,0,0
6021,Ardon,1,0,1.818181818181818
6022,Chamoson,1,0,1
6023,Conthey,1,0,3.954545454545455
6024,Nendaz,1,6.75,0
6025,Vétroz,1,4,4.818181818181818
6031,Bagnes,0,2.142857142857143,.8333333333333334
6032,Bourg-Saint-Pierre,0,0,0
6033,Liddes,0,0,0
6034,Orsières,0,0,1
6035,Sembrancher,0,.3928571428571428,1.25
6036,Vollèges,0,0,.6666666666666666
6052,Bellwald,0,0,0
6054,Binn,0,0,0
6056,Ernen,0,0,0
6057,Fiesch,0,0,0
6058,Fieschertal,0,0,0
6061,Lax,0,0,0
6076,Obergoms,0,.7857142857142857,0
6077,Goms,0,0,0
6082,Ayent,1,0,0
6083,Evolène,1,0,.6363636363636364
6084,Hérémence,1,0,1.909090909090909
6087,Saint-Martin (VS),1,0,.7272727272727273
6089,Vex,1,0,.060606062412262
6090,Mont-Noble,1,0,0
6101,Agarn,0,0,0
6102,Albinen,0,0,0
6104,Ergisch,0,0,0
6109,Inden,0,0,0
6110,Leuk,0,.8571428571428571,.4166666666666667
6111,Leukerbad,0,0,0
6112,Oberems,0,0,0
6113,Salgesch,1,0,1.454545454545455
6116,Varen,0,0,0
6117,Guttet-Feschel,0,0,0
6118,Gampel-Bratsch,0,33.28571428571428,0
6119,Turtmann-Unterems,0,0,0
6131,Bovernier,0,0,0
6132,Charrat,1,0,0
6133,Fully,1,1,1.272727272727273
6134,Isérables,1,0,0
6135,Leytron,1,0,0
6136,Martigny,0,4.428571428571429,14.03888889153798
6137,Martigny-Combe,0,0,0
6139,Riddes,1,0,.7727272727272727
6140,Saillon,1,0,0
6141,Saxon,1,0,0
6142,Trient,0,0,0
6151,Champéry,0,0,0
6152,Collombey-Muraz,0,1,1.666666666666667
6153,Monthey,0,6.547619138445173,37.77777735392252
6154,Port-Valais,0,0,12.5
6155,Saint-Gingolph,0,1.571428571428571,0
6156,Troistorrents,0,.4285714285714285,1.666666666666667
6157,Val-d'Illiez,0,.5714285714285714,0
6158,Vionnaz,0,2.857142857142857,6.583333333333333
6159,Vouvry,0,13.28571428571429,43.66666666666666
6172,Bister,0,0,0
6173,Bitsch,0,1.571428571428571,1.333333333333333
6177,Grengiols,0,0,0
6181,Riederalp,0,0,1.25
6191,Ausserberg,0,0,0
6192,Blatten,0,0,0
6193,Bürchen,0,.7857142857142857,0
6194,Eischoll,0,0,.694444457689921
6195,Ferden,0,0,0
6197,Kippel,0,0,0
6198,Niedergesteln,0,0,0
6199,Raron,0,2.061224528721401,9
6201,Unterbäch,0,0,0
6202,Wiler (Lötschen),0,0,0
6203,Mörel-Filet,0,0,0
6204,Steg-Hohtenn,0,0,0
6205,Bettmeralp,0,0,0
6211,Collonges,0,0,0
6212,Dorénaz,0,0,0
6213,Evionnaz,0,0,1.25
6214,Finhaut,0,0,0
6215,Massongex,0,0,0
6217,Saint-Maurice,0,0,6.333333333333333
6218,Salvan,0,0,0
6219,Vernayaz,0,0,0
6220,Vérossaz,0,1.142857142857143,3.416666666666667
6232,Chalais,1,0,0
6235,Chippis,1,0,1.75757576118816
6238,Grône,1,0,0
6239,Icogne,1,0,0
6240,Lens,1,0,0
6241,Miège,1,0,0
6246,Saint-Léonard,1,1.875,0
6248,Sierre,1,.375,0
6249,Venthône,1,0,0
6250,Veyras,1,17.98749995231628,35.48484953967008
6252,Anniviers,0,1.285714285714286,.5833333333333334
6253,Crans-Montana,1,11.125,32.15757569399747
6261,Arbaz,1,1,.8181818181818182
6263,Grimisuat,1,0,0
6265,Savièse,1,0,.5757575685327704
6266,Sion,1,9.104166746139526,43.62121217901056
6267,Veysonnaz,1,0,0
6281,Baltschieder,0,2.214285714285714,2.416666666666667
6282,Eisten,0,0,0
6283,Embd,0,0,0
6285,Grächen,0,0,0
6286,Lalden,0,0,.75
6287,Randa,0,0,0
6288,Saas-Almagell,0,0,0
6289,Saas-Balen,0,0,.6944444974263509
6290,Saas-Fee,0,.7142857142857143,0
6291,Saas-Grund,0,0,0
6292,St. Niklaus,0,3.071428571428572,1.283333341280619
6293,Stalden (VS),0,.8214285714285714,0
6294,Staldenried,0,0,0
6295,Täsch,0,0,0
6296,Törbel,0,0,0
6297,Visp,0,35.71428571428572,23.07499996821086
6298,Visperterminen,0,0,.3333333333333333
6299,Zeneggen,0,0,0
6300,Zermatt,0,3.142857142857143,3.333333333333333
6404,Boudry,0,14.57142857142857,9.858333349227905
6407,Corcelles-Cormondrèche,0,5.190476213182722,22.85277783870697
6408,Cortaillod,0,11.5,4.708333333333333
6412,Peseux,0,1.142857142857143,17.70833333333333
6413,Rochefort,1,.5,1.272727272727273
6416,Milvignes,0,13.33333335603986,35.35833354791006
6417,La Grande-Béroche,1,18.04166674613953,17.11363645033403
6421,La Chaux-de-Fonds,1,92.69791698455811,234.5070698044517
6422,Les Planchettes,1,0,1.909090909090909
6423,La Sagne,1,0,0
6431,Les Brenets,1,6,2.181818181818182
6432,La Brévine,1,.4375,0
6433,Brot-Plamboz,1,0,2.818181818181818
6434,Le Cerneux-Péquignot,1,0,0
6435,La Chaux-du-Milieu,1,0,0
6436,Le Locle,1,13.125,157.1818181818182
6437,Les Ponts-de-Martel,1,0,1.454545454545455
6451,Cornaux,1,0,0
6452,Cressier (NE),1,1.428571428571429,0
6453,Enges,1,0,.5
6454,Hauterive (NE),1,1.40625,18.36363636363636
6455,Le Landeron,1,2.857142857142857,13.02777783075968
6456,Lignières,1,0,4
6458,Neuchâtel,0,296.8761918204171,535.2013905843099
6459,Saint-Blaise,1,9,5.181818181818182
6461,La Tène,1,35.71428571428572,330.6666666666667
6485,Valangin,1,0,3
6487,Val-de-Ruz,1,12.32291674613953,16.67424243146723
6504,La Côte-aux-Fées,0,3,0
6511,Les Verrières,0,0,3
6512,Val-de-Travers,0,5.714285714285714,59.13194433848063
6601,Aire-la-Ville,1,3.958333333333333,0
6602,Anières,1,9.583333333333334,2.5
6603,Avully,1,3.583333333333333,0
6604,Avusy,1,1.416666666666667,7.261904784611294
6605,Bardonnex,1,15.95833333333333,0
6606,Bellevue,1,7.074999968210856,9.5
6607,Bernex,1,5.75,27.96428571428572
6608,Carouge (GE),1,31.25555562973022,24.42857142857143
6609,Cartigny,1,0,2.857142857142857
6610,Céligny,1,.8333333333333334,0
6611,Chancy,1,7.083333333333333,0
6612,ChÍne-Bougeries,1,13.16666666666667,5.714285714285714
6613,ChÍne-Bourg,1,4.25,5.714285714285714
6614,Choulex,1,13.14583333333333,17.35714285714286
6615,Collex-Bossy,1,9.916666666666666,1.571428571428571
6616,Collonge-Bellerive,1,8.180555562178293,8.214285714285714
6617,Cologny,1,7.166666666666667,15.64285714285714
6618,Confignon,1,3.875,0
6619,Corsier (GE),1,2.958333333333333,3.714285714285714
6620,Dardagny,1,3.75,0
6621,Genève,1,504.5265892148018,606.0595232248306
6622,Genthod,1,3.333333333333333,26.57142857142857
6623,Le Grand-Saconnex,1,32.08333333333334,27.28571428571428
6624,Gy,1,0,0
6625,Hermance,1,0,0
6626,Jussy,1,.4166666666666667,.9285714285714286
6627,Laconnex,1,4.75,0
6628,Lancy,1,0,0
6629,Meinier,1,.5416666666666666,0
6630,Meyrin,1,61.04861132303873,57.76190512520926
6631,Onex,1,29.9861110051473,25.28571428571428
6632,Perly-Certoux,1,3.583333333333333,1
6633,Plan-les-Ouates,1,76.65277783075969,171.4047611781529
6634,Pregny-Chambésy,1,10.33333333333333,2.571428571428572
6635,Presinge,1,0,0
6636,Puplinge,1,0,0
6637,Russin,1,1.416666666666667,.6571428435189384
6638,Satigny,1,127.9166666666667,91.28571428571429
6639,Soral,1,.9166666666666666,0
6640,Thônex,1,6.305555661519368,3.428571428571428
6641,Troinex,1,6.791666666666667,10.14285714285714
6642,Vandoeuvres,1,6.958333333333333,0
6643,Vernier,1,23.0648148059845,36.46428571428572
6644,Versoix,1,30.55555534362793,19.78571428571428
6645,Veyrier,1,13.4375,32.16666667801993
6702,Boécourt,0,0,0
6703,Bourrignon,0,0,0
6704,Châtillon (JU),0,2,0
6706,Courchapoix,0,2.571428571428572,0
6708,Courrendlin,0,8.414285796029228,2.083333333333333
6709,Courroux,0,1.285714285714286,1.49206351240476
6710,Courtételle,0,0,1.083333333333333
6711,Delémont,0,17.57142857142857,72.47222280502319
6712,Develier,0,0,1.416666666666667
6713,Ederswiler,0,0,0
6715,Mervelier,0,2.428571428571428,0
6716,Mettembert,0,0,0
6718,Movelier,0,0,0
6719,Pleigne,0,0,0
6720,Rebeuvelier,0,.8857143265860421,7.25
6721,Rossemaison,0,0,.1166666646798452
6722,Saulcy,1,1.625,0
6724,Soyhières,0,0,0
6728,Vellerat,0,0,0
6729,Haute-Sorne,0,4.714285714285714,23.94444449742635
6730,Val Terbi,0,0,1.083333333333333
6741,Le Bémont (JU),1,0,0
6742,Les Bois,1,0,0
6743,Les Breuleux,1,0,0
6744,La Chaux-des-Breuleux,1,0,0
6745,Les Enfers,1,0,.4666666821999984
6748,Les Genevez (JU),1,1,4.181818181818182
6750,Lajoux (JU),1,1.125,1.545454545454545
6751,Montfaucon,0,0,0
6753,Muriaux,1,0,.6363636363636364
6754,Le Noirmont,1,3,21.27272727272727
6757,Saignelégier,1,0,4.181818181818182
6758,Saint-Brais,0,0,0
6759,Soubey,0,0,0
6771,Alle,0,0,2.083333333333333
6773,Beurnevésin,0,0,.5
6774,Boncourt,0,1.214285714285714,.5
6775,Bonfol,0,2.571428571428572,2.333333333333333
6778,Bure,0,.5714285714285714,0
6781,Coeuve,0,0,0
6782,Cornol,0,0,1.666666666666667
6783,Courchavon,0,0,0
6784,Courgenay,0,.7619047846112933,0
6785,Courtedoux,0,0,.5277777910232544
6787,Damphreux,0,0,0
6789,Fahy,0,0,0
6790,Fontenais,0,.4761904988970075,0
6792,Grandfontaine,0,0,.25
6793,Lugnez,0,0,0
6800,Porrentruy,0,7.476190498897007,8.333333333333334
6806,Vendlincourt,0,0,0
6807,Basse-Allaine,0,0,3.5
6808,Clos du Doubs,0,0,5.791666666666667
6809,Haute-Ajoie,0,4.571428571428571,6.083333333333333
6810,La Baroche,0,0,0
