GMDENR_2018,T_25,measure,measure_av,measure_max
1,1,2.708333333333333,3.9494047,5.1904764
2,1,5.104166666666667,5.7782736,6.4523811
3,1,4.143939397551796,2.8219697,4.1439395
4,1,3.351388931274414,1.8423611,3.3513889
5,1,3.955627701499246,4.042397,4.1291666
6,1,.1666666666666667,.16904762,.17142858
7,1,3.5,2.1071429,3.5
8,1,0,.035714287,.071428575
9,1,27.59722224871318,17.584326,27.597221
10,1,1.60277779897054,1.2299603,1.6027778
11,1,2.79545457796617,1.5383523,2.7954545
12,1,.3611111119389534,.18055555,.3611111
13,1,1.121212122115222,1.404356,1.6875
14,1,13.74090920795094,8.7037878,13.74091
21,1,0,1.0714285,2.1428571
22,1,2.125,1.0625,2.125
23,1,0,0,0
24,1,.0208333333333333,.010416667,.020833334
25,1,2.933531736334165,1.6572421,2.9335318
26,1,.0833333333333333,.36309522,.64285713
27,0,3.375,2.3303571,3.375
28,1,.1666666666666667,.44047618,.71428573
29,0,3.145833373069763,2.2157738,3.1458335
30,1,1.773611115912596,4.6725197,7.5714288
31,1,.4166666679084301,.42261904,.42857143
32,1,.5,.25,.5
33,1,2.25,1.5535715,2.25
34,1,3.791666666666667,2.2172618,3.7916667
35,1,2.713888915876547,2.4283731,2.7138889
36,1,.0833333333333333,.041666668,.083333336
37,1,.0416666666666667,.59226191,1.1428572
38,1,.0416666666666667,.020833334,.041666668
39,1,0,.2857143,.5714286
40,1,.125,.70535713,1.2857143
41,1,0,.26190478,.52380955
42,1,2.875,1.4375,2.875
43,1,0,0,0
44,1,0,0,0
51,1,2.625,4.2410712,5.8571429
52,1,9.583333333333334,7.8833332,9.583333
53,1,28.03611119588216,47.107342,66.178574
54,1,6.833333333333333,14.440476,22.047619
55,1,4.208333333333333,2.1041667,4.2083335
56,1,2.541666666666667,1.4851191,2.5416667
57,1,0,0,0
58,1,.625,.45535713,.625
59,1,0,.71428573,1.4285715
60,1,.9166666666666666,1.3869047,1.8571428
61,1,.3888888955116272,.37301588,.3888889
62,1,5.15277777860562,7.1478176,9.1428576
63,1,2,2.2857144,2.5714285
64,1,12,7.6428571,12
65,1,0,.17857143,.35714287
66,1,58.19444465637207,37.156746,58.194443
67,1,3.833333333333333,2.6309524,3.8333333
68,1,.4166666691501935,.20833333,.41666666
69,1,39.81249984105428,32.22768,39.8125
70,0,0,0,0
71,1,0,0,0
72,1,4.527777791023254,2.4067461,4.5277777
81,1,0,0,0
82,1,5.136363636363637,7.901515,10.666667
83,1,2.469696998596191,1.6098485,2.469697
84,1,3.772727272727273,4.1051135,4.4375
85,1,0,.1875,.375
86,1,6.856060569936579,7.4280305,8
87,1,.1818181818181818,.48674244,.79166669
88,1,3.208333333333333,1.8660715,3.2083333
89,1,.5416666666666666,.94345236,1.3452381
90,1,6.347222248713176,7.1736112,8
91,1,16.93181818181818,33.215908,49.5
92,1,4.652272733549277,2.9689934,4.6522727
93,1,4.431818181818182,8.559659,12.6875
94,1,7.681818170980974,6.590909,7.681818
95,1,0,.9375,1.875
96,1,38.15151509371671,42.169506,46.1875
97,1,3.818181818181818,3.8413825,3.8645833
98,1,0,0,0
99,1,0,0,0
100,1,1.069444445272287,.83829367,1.0694444
101,1,4.666666666666667,2.3571429,4.6666665
102,0,0,.9285714,1.8571428
111,1,1.399999976158142,3.7454545,6.090909
112,1,11.18750011920929,8.7782736,11.1875
113,1,10.36805566151937,8.505456,10.368055
114,1,0,.68181819,1.3636364
115,1,3.833333333333333,4.4166665,5
116,1,4.569444497426351,4.3382936,4.5694447
117,1,128.948784828186,147.7244,166.5
118,1,32.8125,51.096725,69.380951
119,1,.5,.93452382,1.3690476
120,1,.3541666716337204,.874053,1.3939394
121,1,78.875,71.02462,78.875
131,1,37.14224402109782,35.072823,37.142242
134,1,2.597222248713175,1.2986112,2.5972223
135,1,14.2098034620285,15.476841,16.743877
136,1,15.94196458657583,17.572002,19.202042
137,1,7.951388875643413,5.4471231,7.9513888
138,1,44.70416700839996,48.063988,51.423809
139,1,169.7989883422852,103.80068,169.79898
140,1,4.187500019868215,4.0223212,4.1875
141,1,48.84245181083679,37.245037,48.842453
142,1,47.5156747897466,38.420933,47.515675
151,1,12.81944433848063,8.2787695,12.819445
152,1,17.27777791023254,10.079365,17.277779
153,1,12.67361111193895,9.8546629,12.673611
154,1,25.42222240567207,31.348017,37.273811
155,1,42.76944494247437,41.325199,42.769444
156,1,24.31805562973022,18.284027,24.318056
157,1,2.5,1.9821428,2.5
158,1,156.5055564244588,92.818253,156.50555
159,1,10.43055556217829,10.727182,11.023809
160,1,16.21527789036433,16.943354,17.671429
161,1,29.93181823329492,25.52841,29.931818
172,1,12.69444441795349,11.561508,12.694445
173,1,2.111111104488373,1.0555556,2.1111112
176,1,15.41765870650609,8.6374006,15.417659
177,1,21.14583333333333,23.465775,25.785715
178,1,4.722222236295541,2.8611112,4.7222223
180,1,1.125,1.1577381,1.1904762
181,1,1.75,1.3035715,1.75
182,1,0,0,0
191,1,39.47083346048991,27.738989,39.470833
192,1,33.06944497426351,29.906151,33.069447
193,1,44.38750012715658,33.21756,44.387501
194,1,109.027777671814,71.478172,109.02778
195,1,31.56666661798954,20.789286,31.566668
196,1,3,4.0952382,5.1904764
197,1,0,0,0
198,1,76.46666669845581,74.007141,76.466667
199,1,25.90000001589457,23.007483,25.9
200,1,3.095238089561462,4.2976189,5.5
211,1,0,0,0
213,1,5.041666666666667,7.2708335,9.5
214,1,.1111111144224803,.055555556,.11111111
215,1,4.333333333333333,2.2619047,4.3333335
216,1,1.901587317387263,.95079368,1.9015874
218,1,.8333333333333334,.41666666,.83333331
219,1,.1458333333333333,.76339287,1.3809524
220,1,.7083333333333334,.49702382,.70833331
221,1,2.493055582046509,2.0322421,2.4930556
223,1,6.875,4.2232141,6.875
224,1,3.791666666666667,2.5386906,3.7916667
225,1,.25,.125,.25
226,1,0,0,0
227,1,4.273611088593801,4.3749008,4.4761906
228,1,5.568865830699603,4.7130041,5.5688658
230,1,477.363890906175,467.61646,477.36389
231,1,3.5,4.1428571,4.7857141
241,1,1.909090909090909,1.3035038,1.9090909
242,1,1.871212122115222,3.029356,4.1875
243,1,33.08787900751287,22.528315,33.087879
244,1,5.78787881677801,4.3626895,5.787879
245,1,3.727272727272727,3.655303,3.7272727
246,1,3.613636363636364,3.4630682,3.6136363
247,1,171.2969721962105,99.42453,171.29697
248,1,3.977272727272727,4.842803,5.7083335
249,1,3.318181818181818,2.7320075,3.3181818
250,1,10.59090909090909,9.701705,10.590909
251,1,.0909090909090909,.045454547,.090909094
261,1,1492.487123360236,1187.6255,1492.4872
294,1,3.319444447755814,4.6240077,5.9285712
295,1,113.0995035767555,123.78785,134.4762
296,1,15.19722220177452,19.783134,24.369047
297,1,3.208333308498065,2.3184524,3.2083333
298,1,5.347222328186035,3.8521826,5.3472223
301,1,2.902777890364329,2.0585318,2.9027779
302,1,.5416666666666666,.44940478,.54166669
303,1,2.25,4.7202382,7.1904759
304,1,.1666666666666667,.51190478,.85714287
305,1,0,0,0
306,1,27.625,20.633928,27.625
307,1,.4166666666666667,.20833333,.41666666
309,1,.75,.66071427,.75
310,1,2.5,3.25,4
311,1,1.25,1.625,2
312,1,2.541666666666667,1.3422619,2.5416667
321,1,4.625,2.7670455,4.625
322,1,.25,.3392857,.42857143
323,1,0,0,0
324,1,4.916666666666667,3.6726191,4.9166665
325,1,0,0,0
326,0,0,0,0
329,1,19.97916674613953,14.019886,19.979166
331,1,.75,.375,.75
332,1,.3333333333333333,.16666667,.33333334
333,1,0,0,0
334,1,1,.5,1
335,1,0,0,0
336,1,0,0,0
337,1,8.3125,5.247159,8.3125
338,1,0,0,0
339,1,.9722222288449606,.4861111,.97222221
340,1,0,0,0
341,1,0,0,0
342,1,6.305555562178294,5.4742064,6.3055553
344,1,.1666666666666667,.083333336,.16666667
345,1,1.875,.9375,1.875
351,1,476.6507945656776,365.64679,476.65079
352,1,4.965740708013375,3.5471561,4.9657407
353,1,3.513888915379842,3.5426588,3.5714285
354,1,.5833333333333334,1.6666666,2.75
355,1,91.42517000436783,67.678856,91.425171
356,1,29.42857142857143,26.068453,29.428572
357,1,0,0,0
358,1,.0833333333333333,.72023809,1.3571428
359,1,.1666666666666667,.15476191,.16666667
360,1,3.049007947246233,2.5959325,3.0490079
361,1,19.96111116806666,15.528174,19.961111
362,1,5.412499984105428,6.5062499,7.5999999
363,1,2.041666666666667,3.2113094,4.3809524
371,1,207.8375994513432,227.54379,247.25
372,1,1.069444452722867,.60615081,1.0694444
381,1,.7777777910232544,1.031746,1.2857143
382,1,0,.64285713,1.2857143
383,1,.1666666666666667,.44047618,.71428573
385,1,0,0,0
386,1,.9166666666666666,.45833334,.91666669
387,1,14.49801593522231,16.17758,17.857143
388,1,3.930555621782938,2.0911281,3.9305556
389,1,0,0,0
390,1,3.900793631871541,1.9503968,3.9007936
391,1,0,0,0
392,1,.9166666666666666,1.7261904,2.5357144
393,1,0,0,0
394,1,0,0,0
401,1,0,0,0
402,1,.1666666666666667,.083333336,.16666667
403,1,.5541666646798452,.27708334,.55416667
404,1,174.7592591444651,101.7832,174.75926
405,1,.5,1.5595238,2.6190476
406,1,1.012499998013179,.7205357,1.0125
407,1,5.326388915379842,3.8060515,5.3263888
408,1,0,0,0
409,1,.1458333333333333,.072916664,.14583333
410,1,.25,.125,.25
411,1,.1000000002483527,.26428571,.42857143
412,1,0,0,0
413,1,0,0,0
414,1,.2083333333333333,1.3541666,2.5
415,1,5,4.9285712,5
416,1,.0277777786056201,.085317463,.14285715
418,1,0,0,0
420,1,6.958333333333333,4.5291667,6.9583335
421,1,0,0,0
422,1,0,0,0
423,1,.1319444477558136,.42311507,.71428573
424,1,.0833333333333333,.041666668,.083333336
431,1,.2638888905445735,.41765872,.5714286
432,1,1.416666666666667,3.7083333,6
433,1,0,.35714287,.71428573
434,1,.7666666507720947,.66904759,.76666665
435,1,.7727272727272727,.38636363,.77272725
437,1,0,0,0
438,1,31.63888875643412,16.176588,31.638889
441,1,7.545454545454546,3.8352273,7.5454545
442,1,.5833333333333334,.29166666,.58333331
443,1,8.651515267112039,8.752841,8.854167
444,1,11.54166666666667,8.1279764,11.541667
445,1,.2727272727272727,.26136363,.27272728
446,1,2.055555582046509,1.0277778,2.0555556
448,1,.1363636363636364,.44318181,.75
449,1,1.083333333333333,.54166669,1.0833334
450,1,1.583333333333333,1.2916666,1.5833334
491,1,0,.11904763,.23809525
492,1,.625,.3125,.625
493,1,0,0,0
494,1,.25,.125,.25
495,0,0,0,0
496,1,.4097222288449605,.20486112,.40972224
497,1,.25,.125,.25
498,1,.6666666666666666,.33333334,.66666669
499,1,.6666666666666666,.40476191,.66666669
500,1,0,0,0
501,1,0,0,0
502,1,.3611111119389534,.89484125,1.4285715
533,1,.5833333333333334,.82738096,1.0714285
535,1,0,0,0
536,1,0,0,0
538,1,.6111111243565878,3.4484127,6.2857141
540,1,1.787500003973643,.89375001,1.7875
541,1,.0833333333333333,.041666668,.083333336
543,1,0,0,0
544,1,2.916666666666667,2.7440476,2.9166667
546,1,0,0,0
551,1,.25,.3392857,.42857143
552,1,6.152777830759685,3.8263888,6.1527777
553,1,3.291666746139526,2.6458335,3.2916667
554,1,1.47222222884496,1.093254,1.4722222
556,1,0,0,0
557,1,1.361111164093018,.68055558,1.3611112
561,0,0,.071428575,.14285715
562,0,1.083333333333333,.54166669,1.0833334
563,0,2.533333341280619,2.7666667,3
564,0,.5,.35714287,.5
565,0,0,0,0
566,0,0,0,0
567,0,3.90277777860562,4.7192459,5.5357141
571,0,0,.14285715,.2857143
572,0,0,0,0
573,0,2.708333333333333,2.4255953,2.7083333
574,0,0,0,0
575,0,0,0,0
576,0,.1666666666666667,.44047618,.71428573
577,0,0,0,0
578,0,0,0,0
579,0,0,0,0
580,0,0,0,0
581,0,0,0,0
582,0,.375,.29464287,.375
584,0,.1666666666666667,.083333336,.16666667
585,0,0,0,0
586,0,0,0,0
587,0,0,0,0
588,0,0,0,0
589,0,0,0,0
590,0,0,0,0
591,0,0,0,0
592,0,0,0,0
593,0,1.625,1.4553572,1.625
594,0,1.25,.6964286,1.25
602,1,.2083333333333333,.10416666,.20833333
603,1,.2083333333333333,.17559524,.20833333
605,1,0,.041666668,.083333336
606,1,0,.79166669,1.5833334
607,1,0,0,0
608,1,.1374999980131785,.068750001,.1375
609,1,0,0,0
610,1,1.142857142857143,.62698412,1.1428572
611,1,0,0,0
612,1,3.875,2.7517858,3.875
613,1,0,0,0
614,0,0,0,0
615,1,0,0,0
616,1,6.547619002205985,9.0738096,11.6
617,1,0,0,0
619,1,4.309523820877075,3.4880953,4.3095236
620,1,0,0,0
622,1,0,0,0
623,1,2.995833337306976,1.5217263,2.9958334
626,1,0,0,0
627,1,6.012896830836932,4.6135912,6.012897
628,1,.5833333333333334,1.8630953,3.1428571
629,1,.3571428571428572,.17857143,.35714287
630,1,.5714285714285714,.91071427,1.25
632,1,0,.20833333,.41666666
661,1,0,0,0
662,1,0,.14285715,.2857143
663,1,.1428571428571428,.65476191,1.1666666
664,1,0,0,0
665,1,0,0,0
666,1,0,0,0
667,1,1.672619064648946,.83630955,1.6726191
668,1,.2083333333333333,.10416666,.20833333
669,1,.0833333333333333,.041666668,.083333336
670,1,.25,1.6964285,3.1428571
671,1,.2916666666666667,.14583333,.29166666
681,0,0,0,0
683,0,14.51388883590698,9.6140871,14.513889
687,1,0,.15384616,.30769232
690,0,.5,1.9642857,3.4285715
691,0,0,.21428572,.42857143
692,0,0,0,0
694,0,0,0,0
696,1,0,0,0
700,0,0,0,0
701,0,0,0,0
703,1,0,0,0
704,0,0,0,0
706,1,1.833333333333333,1.2023809,1.8333334
707,1,0,0,0
708,1,0,0,0
709,1,0,0,0
711,0,0,0,0
713,1,5.256944497426351,3.2951388,5.2569447
715,1,0,0,0
716,0,.0208333333333333,.1294643,.23809525
717,1,.5833333333333334,.36309522,.58333331
723,1,4.2027777582407,3.7085316,4.2027779
724,1,.0833333333333333,.18452381,.2857143
726,1,1.84722222884496,1.4950397,1.8472222
731,1,.25,.125,.25
732,1,.4166666666666667,.63690478,.85714287
733,1,9.5,6.25,9.5
734,1,0,0,0
735,1,0,0,0
736,1,0,0,0
737,1,0,0,0
738,1,0,0,0
739,1,4.804166634877522,2.9020834,4.8041668
740,1,2.048611124356588,1.2385913,2.0486112
741,1,0,0,0
742,1,0,0,0
743,1,10.95833333333333,7.4791665,10.958333
744,1,4.895833333333333,4.6622024,4.8958335
745,1,9.319444445272287,5.1597223,9.3194447
746,1,.9375,.46875,.9375
747,1,0,0,0
748,1,0,0,0
749,1,2.711111068725586,1.3555555,2.7111111
750,1,.4583333333333333,.37202382,.45833334
751,1,1.666666666666667,.83333331,1.6666666
754,1,0,0,0
755,1,.0833333333333333,1.1130953,2.1428571
756,1,.0833333333333333,.11309524,.14285715
761,0,.5833333333333334,.29166666,.58333331
762,0,.0833333333333333,.32738096,.5714286
763,0,.4166666666666667,.35119048,.41666666
766,0,.25,.125,.25
767,0,0,0,0
768,0,1.319444457689921,7.3263888,13.333333
769,0,2.125,2.2053571,2.2857144
770,0,.5833333333333334,.50595236,.58333331
782,0,0,0,0
783,0,0,0,0
784,0,0,0,0
785,0,0,0,0
786,0,0,0,0
791,0,0,0,0
792,0,.0833333333333333,.041666668,.083333336
793,0,0,0,0
794,0,0,0,0
841,0,.5833333333333334,.29166666,.58333331
842,0,1.166666666666667,.76190478,1.1666666
843,0,2.958333333333333,1.4791666,2.9583333
852,1,.1666666666666667,.083333336,.16666667
853,0,0,0,0
855,1,7.583333333333333,5.7916665,7.5833335
861,1,1,1.3020834,1.6041666
863,1,0,0,0
866,1,1.714285714285714,1.1210318,1.7142857
867,1,.1632653134209769,.081632659,.16326532
868,1,0,0,0
869,1,0,.45833334,.91666669
870,1,3.107142903975078,2.4785714,3.1071429
872,1,0,.041666668,.083333336
873,1,0,0,0
874,1,0,0,0
876,1,0,.125,.25
877,1,0,0,0
879,1,.3928571428571428,.19642857,.39285713
880,1,16.28571428571428,32.434525,48.583332
881,1,.1428571428571428,.071428575,.14285715
883,1,0,.46666667,.93333334
884,1,1.142857142857143,2.0714285,3
885,0,.0833333333333333,.041666668,.083333336
886,1,0,.041666668,.083333336
888,1,0,.125,.25
901,0,1.166666666666667,1.0833334,1.1666666
902,1,.25,.19642857,.25
903,1,10.19444447259108,8.6329365,10.194445
904,0,0,0,0
905,1,0,0,0
906,0,0,0,0
907,1,1.611111084620158,1.0198413,1.611111
908,0,0,0,0
909,0,.3333333333333333,1.7380953,3.1428571
921,0,0,.14285715,.2857143
922,0,0,0,0
923,0,1.166666666666667,.86904764,1.1666666
924,0,0,0,0
925,0,0,0,0
927,0,.4444444576899211,.86507934,1.2857143
928,0,.5833333333333334,.72023809,.85714287
929,0,.7083333333333334,.49702382,.70833331
931,0,0,0,0
932,0,0,0,0
934,0,2.284722276031971,2.2280755,2.2847223
935,0,.125,.0625,.125
936,0,0,0,0
937,0,0,0,0
938,0,5.166666681567828,3.6369047,5.1666665
939,0,7.291666666666667,4.6279764,7.2916665
940,0,0,0,0
941,0,0,0,0
942,0,66.31250010927518,45.186012,66.3125
943,0,0,0,0
944,0,5.138888850808144,3.9623015,5.1388888
945,0,0,0,0
946,0,0,0,0
947,0,3.513888875643412,4.0426588,4.5714288
948,1,.1428571428571428,.092261903,.14285715
951,1,0,0,0
952,1,0,0,0
953,1,0,0,0
954,1,.875,.72321427,.875
955,1,6.583333333333333,4.0773811,6.5833335
956,1,0,0,0
957,1,3.40277777860562,2.7871032,3.4027777
958,1,0,0,0
959,1,0,0,0
960,1,0,0,0
971,1,.7222222487131754,.56623936,.72222227
972,1,0,0,0
973,1,0,0,0
975,1,0,0,0
976,1,0,0,0
977,1,.1666666666666667,.15476191,.16666667
979,1,3.888888905445735,3.390873,3.8888888
980,1,.2916666666666667,.14583333,.29166666
981,1,2.875,3.4526515,4.030303
982,1,8.416666666666666,6.5654764,8.416667
983,1,.9375,.92329544,.9375
985,1,.0833333333333333,.041666668,.083333336
987,1,.6666666666666666,.37179488,.66666669
988,1,.0416666666666667,.30654761,.5714286
989,1,.5,.25,.5
990,1,0,0,0
991,1,.1111111144224803,.17094018,.23076923
992,1,1.166666666666667,.72435898,1.1666666
993,1,0,0,0
995,1,.3333333333333333,1.0608975,1.7884616
996,1,0,0,0
1001,0,.0833333333333333,.041666668,.083333336
1002,0,0,0,0
1004,0,0,0,0
1005,0,0,0,0
1007,0,0,.14285715,.2857143
1008,0,2.138888890544573,1.4265873,2.1388888
1009,1,0,0,0
1010,0,1.055555542310079,.52777779,1.0555556
1021,0,0,0,0
1022,0,0,0,0
1023,1,.1666666666666667,.86904764,1.5714285
1024,1,29.4305555621783,37.239086,45.047619
1025,0,2,1,2
1026,1,3.083333333333333,1.6130953,3.0833333
1030,0,8.75,6.6607141,8.75
1031,1,1.75,2.1964285,2.6428571
1032,1,0,0,0
1033,1,.2666666669150193,.41904762,.5714286
1037,1,.6111111119389534,.34126985,.6111111
1039,1,.5833333333333334,.57738096,.58333331
1040,1,3.479166666666667,5.0967264,6.7142859
1041,0,0,0,0
1051,1,2.986111124356588,2.171627,2.9861112
1052,1,4.6875,3.1294644,4.6875
1053,1,18.625,12.241072,18.625
1054,1,9.027777830759684,7.359127,9.0277777
1055,1,0,0,0
1056,1,.1388888905445735,.30753967,.47619048
1057,1,.0833333333333333,.89880955,1.7142857
1058,1,8.874999980131784,7.0565476,8.875
1059,1,13.23611117775241,8.4037695,13.236112
1061,1,90.79166665673256,77.675598,90.791664
1062,1,1.491666674613953,2.9720237,4.4523811
1063,1,21.7638889948527,16.953373,21.763889
1064,1,.125,.0625,.125
1065,1,10.08333333333333,5.0416665,10.083333
1066,1,.7916666666666666,.46726191,.79166669
1067,1,1.395833333333333,1.1264881,1.3958334
1068,0,.0833333333333333,.32738096,.5714286
1069,1,6.833333333333333,6.9404759,7.0476189
1081,0,2.194444445272287,2.2400794,2.2857144
1082,0,.7916666666666666,1.6815476,2.5714285
1083,0,.2916666666666667,.36011904,.42857143
1084,1,.5416666666666666,.91369045,1.2857143
1085,0,.3333333333333333,.38988096,.44642857
1086,0,4.083333333333333,2.8928571,4.0833335
1088,1,.8472222288449606,.4236111,.84722221
1089,0,.4444444452722867,.29365081,.44444445
1091,0,.7916666666666666,.96726191,1.1428572
1093,1,3.074999998013178,1.5375,3.075
1094,1,1.96111112460494,1.5519842,1.9611111
1095,1,4.956944406032562,2.5499008,4.9569445
1097,0,0,0,0
1098,1,7.361111121873061,3.9305556,7.3611112
1099,0,.4583333333333333,.22916667,.45833334
1100,0,1.666666666666667,.83333331,1.6666666
1102,1,15.31944445272287,9.8025789,15.319445
1103,0,7.666666666666667,11.119047,14.571428
1104,1,61,58.411457,61
1107,1,26.13888867696126,18.28373,26.138889
1121,0,0,0,0
1122,1,.2083333432674408,.4223485,.63636363
1123,1,3.666666666666667,2.0104167,3.6666667
1125,1,0,1.0208334,2.0416667
1126,1,0,.010416667,.020833334
1127,0,.4166666666666667,.20833333,.41666666
1128,0,.2986111119389534,.14930555,.2986111
1129,0,0,0,0
1130,0,0,0,0
1131,1,0,.06818182,.13636364
1132,0,0,0,0
1135,0,0,0,0
1136,0,1.833333333333333,1.2738096,1.8333334
1137,1,0,0,0
1139,1,0,.22727273,.45454547
1140,1,0,.0625,.125
1142,1,0,0,0
1143,0,2.25,2.6964285,3.1428571
1145,0,0,0,0
1146,0,0,0,0
1147,1,8.375,8.498106,8.621212
1150,0,.1666666666666667,.083333336,.16666667
1151,0,2.416666666666667,1.2083334,2.4166667
1201,0,8.308333317438761,9.8684521,11.428572
1202,0,0,0,0
1203,0,0,.14285715,.2857143
1204,0,0,.14285715,.2857143
1205,0,.183333333581686,.37738097,.5714286
1206,0,1.166666666666667,3.2261906,5.2857141
1207,0,1.041666666666667,.59226191,1.0416666
1208,0,0,0,0
1209,0,.8333333333333334,.55952382,.83333331
1210,0,0,0,0
1211,0,0,0,0
1212,0,0,0,0
1213,0,6.03333334128062,3.0880952,6.0333333
1214,0,.4166666666666667,.52976191,.64285713
1215,0,.1875,2.09375,4
1216,0,.0833333333333333,.041666668,.083333336
1217,0,0,.071428575,.14285715
1218,0,0,0,0
1219,0,.0166666669150194,.079761907,.14285715
1220,0,0,0,0
1301,1,11.15575408935547,7.827877,11.155754
1311,1,.6666666666666666,.83333331,1
1321,1,15.81893936793009,10.13566,15.818939
1322,1,63.88154768943787,42.571728,63.881546
1323,1,75.35833342870076,44.389881,75.35833
1331,1,10.4513889575998,19.582838,28.714285
1341,1,9.677778005599976,9.053175,9.6777782
1342,1,8.47222226858139,9.4682541,10.464286
1343,0,0,.42857143,.85714287
1344,1,20.08333333333333,15.755953,20.083334
1345,1,0,0,0
1346,1,1.716865099966526,1.8941468,2.0714285
1347,1,2.625,2.1306818,2.625
1348,1,.125,.24431819,.36363637
1349,1,8.007431407769522,4.1465731,8.007431
1361,1,.75,1.0892857,1.4285715
1362,0,3.763888890544573,4.953373,6.1428571
1363,0,0,.10714286,.21428572
1364,0,6.041666666666667,4.3779764,6.0416665
1365,0,0,0,0
1366,0,0,0,0
1367,0,.7083333333333334,.35416666,.70833331
1368,0,0,0,0
1369,0,0,0,0
1370,1,.1999999980131785,.1,.2
1371,1,.5416666666666666,.38988096,.54166669
1372,0,22.85694456100464,17.196329,22.856945
1373,0,1.666666666666667,1.4047619,1.6666666
1374,0,0,0,0
1375,0,.1875,.09375,.1875
1401,1,3.912037014961243,1.9560184,3.9120369
1402,0,.875,.79464287,.875
1403,0,.8888888893028101,1.6111112,2.3333333
1404,1,.3333333333333333,.38095239,.42857143
1405,0,.5,.2857143,.5
1406,1,17.35416666666667,14.819941,17.354166
1407,1,48.23611108462016,27.260912,48.236111
1501,1,3.916666666666667,1.9583334,3.9166667
1502,1,8.930555582046509,4.8938494,8.9305553
1503,1,2.5,1.25,2.5
1504,1,.9166666666666666,.67261904,.91666669
1505,1,8.75,8.5535717,8.75
1506,1,0,.5714286,1.1428572
1507,1,624.4027760823568,460.62997,624.40277
1508,1,.25,.125,.25
1509,1,29.625,21.407738,29.625
1510,1,49.41666666666666,28.886906,49.416668
1511,1,.125,.0625,.125
1630,0,34.23611115415891,20.232342,34.236111
1631,0,12.16666662693024,6.9404759,12.166667
1632,0,35.69444433848063,45.650795,55.607143
1701,1,408.0611114501953,268.45914,408.0611
1702,1,139.5384264787038,91.626358,139.53842
1703,1,68.87499984105428,39.092262,68.875
1704,1,2.104166666666667,1.5044643,2.1041667
1705,1,9.541666666666666,6.0029764,9.541667
1706,1,15.16666666666667,9.083333,15.166667
1707,1,66.95833333333333,51.122025,66.958336
1708,1,10.13888891537984,11.867064,13.595238
1709,1,4.319444457689921,3.6240079,4.3194447
1710,0,41.91666650772095,27.458334,41.916668
1711,1,457.8541666666667,386.56995,457.85416
2008,1,1.409090909090909,.70454544,1.4090909
2009,1,0,0,0
2011,1,.7222222487131754,.36111113,.72222227
2016,1,0,.071428575,.14285715
2022,1,0,.14285715,.2857143
2025,1,4.584848490628329,3.0111742,4.5848484
2027,1,0,0,0
2029,1,0,0,0
2035,1,0,0,0
2038,1,0,0,0
2041,1,0,0,0
2043,1,.5454545454545454,.46022728,.54545456
2044,1,2.477272748947144,1.6761364,2.4772727
2045,1,0,0,0
2050,1,0,0,0
2051,1,.0416666666666667,.020833334,.041666668
2053,1,3.083333333333333,1.6845238,3.0833333
2054,1,.1515151587399569,.075757578,.15151516
2055,1,2,1.25,2
2061,0,10.16666666666667,6.0119047,10.166667
2063,0,1.166666666666667,.58333331,1.1666666
2066,0,0,0,0
2067,0,0,0,0
2068,1,.4444444378217061,.22222222,.44444445
2072,0,0,0,0
2079,1,0,0,0
2086,1,.1666666666666667,.58333331,1
2087,0,0,0,0
2089,0,0,0,0
2096,1,4.583333333333333,25.708334,46.833332
2097,0,.5833333333333334,.29166666,.58333331
2099,0,.0416666666666667,1.6279762,3.2142856
2102,0,0,0,0
2111,1,.3333333333333333,.66666669,1
2113,0,.2083333333333333,.10416666,.20833333
2114,1,1.138888915379842,.56944448,1.138889
2115,1,1.625,.8125,1.625
2116,1,.6666666666666666,.33333334,.66666669
2121,0,.25,.125,.25
2122,1,0,0,0
2123,1,.4722222487131755,.23611112,.47222224
2124,0,.1666666666666667,2.2976191,4.4285712
2125,0,33.72916666666666,21.757441,33.729168
2128,0,0,0,0
2129,1,0,0,0
2130,0,1.027777791023254,5.2281747,9.4285717
2131,1,.762500007947286,.38124999,.76249999
2134,0,1.083333333333333,.54166669,1.0833334
2135,0,.25,.125,.25
2137,1,0,0,0
2138,0,0,0,0
2140,1,.125,.0625,.125
2143,0,2.052777787049612,1.0263889,2.0527778
2145,0,1.291666693985462,.64583337,1.2916667
2147,1,0,0,0
2148,0,.75,.375,.75
2149,1,0,0,0
2152,0,0,0,0
2153,1,.125,.0625,.125
2155,0,0,0,0
2160,0,0,0,0
2162,0,.1388888955116272,.069444448,.1388889
2163,0,0,0,0
2171,1,.0833333333333333,.041666668,.083333336
2173,1,0,0,0
2174,1,0,0,0
2175,1,.75,.44642857,.75
2177,1,.6000000002483526,.30000001,.60000002
2183,1,1.399305562178294,.69965279,1.3993056
2185,1,0,0,0
2186,1,.6597222487131754,.32986113,.65972227
2189,1,2.438888947168986,1.2194445,2.438889
2194,1,0,0,0
2196,1,99.69722222909331,58.34861,99.69722
2197,1,27.5972222884496,15.727182,27.597221
2198,1,63.51666673024496,41.901192,63.516666
2200,1,0,1.2380953,2.4761906
2206,1,59.03750030199686,39.750893,59.037498
2208,1,3.013888895511627,1.5426587,3.0138888
2211,1,1.819444417953491,.90972221,1.8194444
2213,1,0,0,0
2216,1,0,0,0
2217,1,0,0,0
2220,1,24.18750027815501,15.212798,24.1875
2221,1,.25,.125,.25
2225,1,0,0,0
2226,1,.8888889153798422,.44444445,.8888889
2228,1,32.9916664759318,21.924404,32.991665
2230,1,0,0,0
2233,1,8.086111096044382,5.7930555,8.0861111
2234,1,1.347222226361434,1.6021825,1.8571428
2235,1,0,0,0
2236,1,10.45416657129923,5.6556549,10.454166
2250,1,1.97222222884496,1.343254,1.9722222
2254,1,7.402777910232544,4.9156747,7.4027777
2257,1,3.666666666666667,4.3333335,5
2258,1,.5833333333333334,.29166666,.58333331
2259,1,0,0,0
2260,1,0,0,0
2261,1,0,0,0
2262,1,6.020833333333333,3.2247024,6.0208335
2265,1,5.194444417953491,3.7400794,5.1944447
2266,1,1.625,.8125,1.625
2271,1,0,0,0
2272,1,.2222222288449605,.11111111,.22222222
2274,1,.625,.40773809,.625
2275,1,17.4375,14.754464,17.4375
2276,1,3.25,1.625,3.25
2278,1,.3333333333333333,.16666667,.33333334
2284,1,2.89166666691502,2.3744047,2.8916667
2291,1,0,0,0
2292,1,0,0,0
2293,1,55.85753975311915,54.103771,55.85754
2294,1,.569444457689921,.92757934,1.2857143
2295,1,3,2.2142856,3
2296,1,0,0,0
2299,1,.0833333333333333,.041666668,.083333336
2300,1,.9444444179534912,1.079365,1.2142857
2301,1,0,0,0
2302,1,1.250000019868215,.86309522,1.25
2303,1,.25,.3392857,.42857143
2304,1,9.020833353201548,11.79256,14.564285
2305,1,0,0,0
2306,1,1.784722223877907,1.6780754,1.7847222
2307,1,.0833333333333333,.041666668,.083333336
2308,1,37.64166722695033,26.78512,37.641666
2309,1,8.388888915379843,5.6230159,8.3888893
2321,0,1.875,.9375,1.875
2323,0,.9166666666666666,.45833334,.91666669
2325,0,10.91666672627131,12.672619,14.428572
2328,0,3.166666666666667,1.5833334,3.1666667
2333,0,.5972222487131754,.3700397,.59722227
2335,0,0,.071428575,.14285715
2336,0,.0555555572112401,.20634921,.35714287
2337,0,0,0,0
2338,0,0,0,0
2401,1,0,2.2272727,4.4545455
2402,1,4.645833253860474,2.4433711,4.645833
2403,1,0,0,0
2404,1,3.5625,1.8721591,3.5625
2405,1,5.875,9.619318,13.363636
2406,1,0,.15151516,.30303031
2407,1,3.16666666790843,4.742424,6.318182
2408,1,0,1.2287879,2.4575758
2421,1,0,0,0
2422,1,1.34375,2.0355113,2.7272727
2423,1,0,0,0
2424,1,0,.15384616,.30769232
2425,1,0,0,0
2426,1,.375,.59659094,.81818181
2427,1,1.05555555721124,.91239315,1.0555556
2428,1,.3333333432674408,.24242425,.33333334
2429,1,2.333333333333333,1.8685898,2.3333333
2445,1,1.666666666666667,.83333331,1.6666666
2455,1,.0833333333333333,.44642857,.80952382
2456,1,0,0,0
2457,1,.1666666666666667,.083333336,.16666667
2461,1,0,0,0
2463,1,0,0,0
2464,1,.125,.20535715,.2857143
2465,1,3.513888895511627,1.9890873,3.5138888
2471,1,.9499999980131785,2.7226191,4.4952383
2472,1,.5,.25,.5
2473,1,6.777777791023254,4.8888888,6.7777777
2474,1,2.625,1.3125,2.625
2475,1,.0833333333333333,.54166669,1
2476,1,8.411508156607548,5.4557543,8.4115086
2477,1,0,.8214286,1.6428572
2478,1,.6944444527228674,.41865081,.69444448
2479,1,.4583333333333333,.40773809,.45833334
2480,1,.7916666666666666,.48154762,.79166669
2481,1,20.62430556615194,15.65484,20.624306
2491,1,0,0,0
2492,1,4.277777989705403,2.1388891,4.2777781
2493,1,.9375,2.9232955,4.909091
2495,1,1.57291666790843,1.0591856,1.5729166
2497,1,.75,.375,.75
2498,1,0,0,0
2499,1,.625,.65340906,.68181819
2500,1,2.233333334326744,1.4575758,2.2333333
2501,1,5.375,4.005682,5.375
2502,1,0,0,0
2503,1,3.848484862934459,2.9242425,3.8484848
2511,1,0,0,0
2513,1,18.62023826440175,14.882398,18.620237
2514,1,0,.023809524,.047619049
2516,1,.25,.4107143,.5714286
2517,1,3.90277777860562,5.5347223,7.1666665
2518,1,.2916666666666667,1.2886904,2.2857144
2519,1,1.791666666666667,7.7529764,13.714286
2520,1,0,0,0
2523,1,0,.5,1
2524,1,0,0,0
2525,1,8.250000059604645,4.7984695,8.25
2526,1,2.428571422894796,2.3571429,2.4285715
2527,1,13.16765867422024,7.0004959,13.167659
2528,1,.8611111243565878,.43055555,.8611111
2529,1,0,0,0
2530,1,6.166666666666667,5.3877554,6.1666665
2532,1,4.583333333333333,5.1309524,5.6785712
2534,1,14.30833338697751,7.1847792,14.308333
2535,1,.0833333333333333,.25595239,.42857143
2541,1,0,.25,.5
2542,1,10.54166666666667,5.9315476,10.541667
2543,1,32.04662688573202,20.785217,32.046627
2544,1,3.007936537265778,1.5039682,3.0079365
2545,1,.0833333333333333,.83507323,1.5868132
2546,1,155.9375006357829,144.39732,155.9375
2547,1,0,.11538462,.23076923
2548,1,2.875,2.4535255,2.875
2549,1,0,0,0
2550,1,2.083333333333333,2.5666666,3.05
2551,1,1.741666664679845,1.2994047,1.7416667
2553,1,1.333333333333333,1.5320513,1.7307693
2554,1,3.166666666666667,5.4459705,7.7252746
2555,1,.5,.28846154,.5
2556,1,21.08333333333333,13.791667,21.083334
2571,1,0,0,0
2572,1,6.625,5.0625,6.625
2573,1,6.125,4.1988635,6.125
2574,1,0,0,0
2575,1,.1458333358168602,.30018941,.45454547
2576,1,1.854166686534882,2.3816288,2.909091
2578,1,.75,1.6022727,2.4545455
2579,1,2.5,2.1136363,2.5
2580,1,2.3125,2.747159,3.1818182
2581,1,14.6041667163372,25.02178,35.439392
2582,1,.375,.34659091,.375
2583,1,2.5,4.34375,6.1875
2584,1,4,3.1136363,4
2585,1,.3125,.88352275,1.4545455
2586,1,7.0625,6.3812499,7.0625
2601,1,26.35833333432674,24.03631,26.358334
2611,0,.1666666666666667,.083333336,.16666667
2612,1,0,.46153846,.92307693
2613,1,2.430555582046509,1.2867063,2.4305556
2614,1,1.902777810891469,1.3799603,1.9027778
2615,1,0,.07692308,.15384616
2616,1,2.46111116806666,1.2305555,2.4611111
2617,0,0,0,0
2618,1,.4166666666666667,.99404764,1.5714285
2619,0,.4166666666666667,.63690478,.85714287
2620,1,.4166666666666667,.20833333,.41666666
2621,1,.7916666666666666,1.8958334,3
2622,1,.4027777910232544,.48710319,.5714286
2701,1,6565.389992954831,5250.1982,6565.3901
2702,1,2.930555582046509,2.4295635,2.9305556
2703,1,51.51527802149455,32.93264,51.515278
2761,1,10.2083333482345,18.473215,26.738094
2762,1,313.3642857869466,175.05119,313.36429
2763,1,20.90555540720622,16.274206,20.905556
2764,1,20.38888891537984,21.265873,22.142857
2765,1,53.2896835009257,40.528175,53.289684
2766,1,13.11250003178914,7.5800595,13.1125
2767,1,46.65138912200928,28.947123,46.65139
2768,1,13.42361112435659,11.211805,13.423611
2769,1,18.99722228447596,15.777183,18.997223
2770,1,106.7375011444092,75.571129,106.7375
2771,1,24.70000016689301,19.608334,24.700001
2772,1,4.854166686534882,4.1566753,4.8541665
2773,1,0,0,0
2774,1,3.674999992052714,2.9327381,3.675
2775,1,270.2785708109538,178.17143,270.27856
2781,1,.1875,.3794643,.5714286
2782,1,.6666666666666666,.33333334,.66666669
2783,1,0,0,0
2784,1,.3333333333333333,1.1666666,2
2785,1,.5,1.5357143,2.5714285
2786,1,2.833333333333333,1.4166666,2.8333333
2787,1,4.381944437821706,4.0195436,4.3819447
2788,0,6.625,3.5982144,6.625
2789,1,.0416666666666667,.020833334,.041666668
2790,0,0,0,0
2791,1,.5515873233477274,.79365081,1.0357143
2792,1,.5,.25,.5
2793,1,1.791666666666667,1.6101191,1.7916666
2821,1,14.0376984278361,11.251842,14.037699
2822,1,7.666666666666667,3.9761906,7.6666665
2823,1,17.80039682984352,11.731151,17.800396
2824,1,3.61944443359971,2.024008,3.6194444
2825,1,1.416666666666667,3.5654762,5.7142859
2826,1,1.57916671037674,.78958333,1.5791667
2827,1,1.194444457689921,.59722221,1.1944444
2828,1,5.458333333333333,3.4970238,5.4583335
2829,1,45.20158720016479,30.684128,45.201588
2830,1,.7500000099341074,.375,.75
2831,1,20.17916659514109,21.875298,23.571428
2832,1,.25,.125,.25
2833,1,.5500000019868215,3.3761904,6.2023811
2834,1,2.888888875643412,7.515873,12.142858
2841,1,0,0,0
2842,1,.7222222238779068,.3611111,.72222221
2843,1,0,.41666669,.83333337
2844,1,.4166666666666667,.20833333,.41666666
2845,1,0,0,0
2846,1,6.583333412806193,4.1964288,6.5833335
2847,1,4.00000015894572,2,4
2848,1,0,.5,1
2849,1,4.083333333333333,6.2916665,8.5
2850,1,4.0625,2.0539773,4.0625
2851,1,0,0,0
2852,1,.75,.375,.75
2853,1,1.036111116409302,.58948416,1.0361111
2854,1,0,0,0
2855,1,0,0,0
2856,1,.875,.4375,.875
2857,1,.3333333333333333,.23809524,.33333334
2858,1,0,0,0
2859,1,0,.14285715,.2857143
2860,1,.6666666666666666,.85416669,1.0416666
2861,1,14.50436512629191,9.7700396,14.504365
2862,1,0,0,0
2863,1,5.583333333333333,3.7202382,5.5833335
2864,1,.5515873233477274,.27579367,.55158734
2865,1,0,.109375,.21875
2866,1,1.01388888930281,1.0069444,1.0138888
2867,1,0,0,0
2868,1,0,.046875,.09375
2869,1,3.388888895511627,2.515873,3.3888888
2881,1,.9097222487131754,.4905754,.90972227
2882,1,.5,.66980523,.8396104
2883,1,2.166666666666667,1.0833334,2.1666667
2884,1,.15625,.19176136,.22727273
2885,1,0,0,0
2886,1,4.055555582046509,2.2563493,4.0555553
2887,1,.25,.125,.25
2888,1,1.770833373069763,1.8096591,1.8484849
2889,1,1.333333333333333,.66666669,1.3333334
2890,1,0,0,0
2891,1,3.263888915379842,3.5069444,3.75
2892,1,233.125,117.94345,233.125
2893,1,.6666666666666666,1.1190476,1.5714285
2894,1,2.25,1.3154762,2.25
2895,1,16.96527783075969,18.054068,19.142857
2901,0,.4444444452722867,.31150794,.44444445
2903,0,7.801587422688802,3.9007938,7.8015876
2904,0,9.972222276031971,6.5813494,9.9722223
2914,0,0,.21428572,.42857143
2915,0,.0416666666666667,.085119046,.12857142
2917,0,.3333333333333333,.16666667,.33333334
2919,0,14.17222221692403,7.8718252,14.172222
2920,0,14.14722232023875,11.210516,14.147223
2931,0,.7083333333333334,.71130955,.71428573
2932,0,19.29861116409302,15.167163,19.298611
2933,1,.6666666666666666,1.5476191,2.4285715
2936,0,1.330952386061351,.70119047,1.3309524
2937,0,204.8888893127441,176.11707,204.88889
2938,1,2.75,1.375,2.75
2939,0,200.1168645719687,171.17628,200.11687
2951,0,0,.11904763,.23809525
2952,0,.8333333333333334,1.1309524,1.4285715
2953,0,1.290476193030675,1.645238,2
2961,0,0,0,0
2962,0,1.72222222884496,.8611111,1.7222222
2963,0,1,.5,1
2964,0,14,8.1428576,14
2971,0,.2083333370586236,.38988096,.5714286
2972,0,0,0,0
2973,0,2.25,1.125,2.25
2974,0,.2777777786056201,.1388889,.27777779
3001,1,50.27777820163303,38.972221,50.277779
3002,1,0,0,0
3003,1,0,0,0
3004,1,.148148152563307,.37407407,.60000002
3005,1,.8888888888888888,.64444447,.8888889
3006,1,.4444444444444444,.37222221,.44444445
3007,1,.1851851940155029,.092592597,.18518519
3021,1,1.777777777777778,1.3388889,1.7777778
3022,1,1.861111111111111,1.9805555,2.0999999
3023,1,7.981481509076224,5.7115741,7.9814816
3024,1,26.70740720960829,21.870371,26.707407
3025,1,.7777777777777778,.5138889,.77777779
3031,1,0,.26249999,.52499998
3032,1,5.777777777777778,4.0388889,5.7777777
3033,1,1.222222222222222,.91111112,1.2222222
3034,1,.8888888888888888,1.6444445,2.4000001
3035,1,6.703703774346246,3.3518519,6.7037039
3036,1,6.444444444444445,3.4222221,6.4444447
3037,1,0,.91250002,1.825
3038,1,.6481481658087836,.52407408,.64814818
3101,1,27.57407410939534,21.962036,27.574074
3102,1,.2222222222222222,.11111111,.22222222
3103,1,0,.050000001,.1
3104,1,.1111111111111111,.13055556,.15000001
3105,1,0,.050000001,.1
3111,1,1.944444467624028,3.5722222,5.1999998
3201,1,.2037037081188626,.23935185,.27500001
3202,1,1.444444444444444,.72222221,1.4444444
3203,1,126.7444442576832,105.23389,126.74445
3204,1,59.6111107799742,38.022221,59.611111
3211,1,.0370370381408268,.21851853,.40000001
3212,1,1.444444444444444,1.5722222,1.7
3213,1,3.481481519010332,5.1574073,6.8333335
3214,1,.6666666666666666,.93333334,1.2
3215,1,6.222222222222222,12.986111,19.75
3216,1,5.166666666666667,4.1333332,5.1666665
3217,1,3.111111111111111,2.5055556,3.1111112
3218,1,1.777777777777778,3.1388888,4.5
3219,1,.1111111111111111,.75555557,1.4
3231,0,183.1055554548899,153.24326,183.10556
3232,0,13.881944557031,13.369544,13.881945
3233,0,10.74305562178294,11.585814,12.428572
3234,0,17.63472215334575,13.710218,17.634722
3235,1,.6111111111111112,1.6305555,2.6500001
3236,1,6.333333333333333,5.9516668,6.3333335
3237,1,18.05555560853746,19.852777,21.65
3238,0,11.88055562973022,7.6545634,11.880556
3251,1,39.48148119449615,35.032406,39.48148
3252,1,1.722222222222222,1.5111111,1.7222222
3253,1,3.074074082904392,2.874537,3.074074
3254,1,5.15625000372529,7.2811551,9.4060602
3255,0,28.52083333333333,16.688988,28.520834
3256,1,.125,.51704544,.90909094
3271,1,89.05952429771423,57.642639,89.059525
3272,1,15.65833348035812,13.461742,15.658334
3273,1,48.11699068546295,32.591072,48.116989
3274,1,42.7291667163372,26.204735,42.729168
3275,1,13.9226461648941,12.247686,13.922647
3276,1,84.74112541973591,58.153896,84.741127
3291,1,0,0,0
3292,0,2.740277767181396,7.9058533,13.071428
3293,1,4.287500023841858,5.5831442,6.878788
3294,1,18.18518522050645,13.655092,18.185184
3295,0,1.166666666666667,.58333331,1.1666666
3296,1,4.622916668653488,7.2091856,9.795455
3297,1,19.9568452835083,17.864786,19.956844
3298,0,8.847222248713175,4.8759923,8.8472223
3311,0,.3111111223697662,.22698413,.31111112
3312,1,1.4375,.94602275,1.4375
3313,1,.5833333432674408,.29166669,.58333337
3315,1,2.395833373069763,1.470644,2.3958335
3316,0,2.694444447755814,2.0615079,2.6944444
3338,1,2.083333333333333,2.8988094,3.7142856
3339,1,0,0,0
3340,1,152.080556233724,132.59981,152.08055
3341,1,14.4375,14.249053,14.4375
3342,1,19.920833311975,16.801325,19.920834
3352,0,7.458333333333333,4.0148811,7.4583335
3359,1,1.75,1.0113636,1.75
3360,0,1.875,1.0089285,1.875
3372,0,0,.35714287,.71428573
3374,0,6.099999984105428,5.1392856,6.0999999
3375,0,.5833333333333334,2.0059524,3.4285715
3378,1,4.777777777777778,2.6888888,4.7777777
3379,0,27.95833339293798,27.175594,27.958334
3392,0,18.87500003973643,24.080357,29.285715
3393,0,.5833333333333334,1.3630953,2.1428571
3394,0,3.138888915379842,2.140873,3.1388888
3395,0,9.494444479544958,5.1400795,9.4944448
3401,1,2.777777791023254,1.8888888,2.7777777
3402,1,11.94444444444444,12.655556,13.366667
3405,0,6.013888915379842,3.1974206,6.0138888
3407,1,3.666666666666667,2.6458333,3.6666667
3408,1,163.2222225235568,140.51111,163.22223
3422,1,1.111111111111111,.80555558,1.1111112
3423,1,1.503703736596637,1.3018519,1.5037037
3424,1,6.222222222222222,4.3611112,6.2222223
3426,0,6.138888890544574,4.0813494,6.1388888
3427,0,18.09027775128682,15.737996,18.090279
3441,1,.8333333333333334,.81666666,.83333331
3442,1,6.548148208194309,5.4490743,6.5481482
3443,1,17.85185170173645,16.392593,17.851852
3444,1,.1111111111111111,.055555556,.11111111
3506,1,.5,.9666667,1.4333334
3513,1,0,0,0
3514,0,0,0,0
3542,0,.6666666666666666,1.4141157,2.1615648
3543,0,.25,.72023809,1.1904762
3544,0,0,0,0
3551,0,0,0,0
3561,0,2.083333333333333,4.1845236,6.2857141
3572,0,.0555555572112401,.027777778,.055555556
3575,1,1.388888888888889,.89444447,1.3888888
3581,0,0,0,0
3582,0,0,0,0
3603,0,0,.5,1
3618,0,2.416666666666667,1.2797619,2.4166667
3619,0,1.166666666666667,.91326529,1.1666666
3633,1,0,.041666668,.083333336
3637,1,0,0,0
3638,0,1.5,.75,1.5
3640,0,0,0,0
3661,0,.5416666666666666,.27083334,.54166669
3662,0,0,0,0
3663,0,0,0,0
3668,0,.1597222238779068,.76438493,1.3690476
3669,0,0,0,0
3670,0,0,0,0
3672,0,.3333333333333333,.29761904,.33333334
3673,1,1.63333333366447,1.2666667,1.6333333
3681,0,0,0,0
3691,0,0,.071428575,.14285715
3693,0,0,.14285715,.2857143
3694,0,0,.023809524,.047619049
3695,0,.5,.25,.5
3701,0,0,0,0
3703,0,0,0,0
3705,0,.5833333333333334,.36309522,.58333331
3707,0,0,0,0
3708,0,0,0,0
3711,0,0,0,0
3712,0,0,0,0
3713,0,0,.14285715,.2857143
3721,1,15.76296292410957,9.1314812,15.762963
3722,1,97.55740695529514,57.890369,97.557404
3723,1,.6666666666666666,.33333334,.66666669
3731,1,.5555555555555556,.70694447,.85833335
3732,1,.1111111111111111,.34722221,.58333331
3733,1,.4444444444444444,.74722224,1.05
3734,1,0,.23333335,.4666667
3746,0,.0833333333333333,.041666668,.083333336
3752,0,.5833333333333334,.57738096,.58333331
3762,0,1.805555562178294,1.640873,1.8055556
3764,0,0,.10714286,.21428572
3781,0,0,0,0
3782,0,.9166666666666666,.74404764,.91666669
3783,0,0,0,0
3784,0,0,0,0
3785,0,.9166666666666666,.77976191,.91666669
3786,0,.1666666666666667,1.4047619,2.6428571
3787,0,5.625,5.2053571,5.625
3788,0,.1666666666666667,.083333336,.16666667
3789,0,.1388888955116272,.069444448,.1388889
3790,0,0,1.5,3
3791,0,1.333333333333333,.88095236,1.3333334
3792,0,1.166666666666667,.97619045,1.1666666
3804,0,.125,.0625,.125
3805,0,0,0,0
3808,0,0,0,0
3810,0,0,0,0
3821,0,0,0,0
3822,0,0,0,0
3823,0,0,0,0
3831,0,0,0,0
3832,0,4.916666666666667,2.6726191,4.9166665
3834,0,1.25,.76785713,1.25
3835,0,6.416666666666667,3.2083333,6.4166665
3837,0,.0833333333333333,.041666668,.083333336
3847,0,2.25,4.1607141,6.0714288
3851,0,8.579166658222675,10.027678,11.476191
3861,0,0,0,0
3862,0,.0833333333333333,.041666668,.083333336
3863,0,0,0,0
3871,0,.3333333333333333,3.2738094,6.2142859
3881,0,0,0,0
3882,0,.9583333333333334,.47916666,.95833331
3891,0,.75,.375,.75
3901,1,106.7550746864743,120.7217,134.68834
3911,1,0,.40000001,.80000001
3921,1,1.203703708118863,3.1756613,5.1476192
3926,1,0,0,0
3932,1,0,0,0
3941,1,1.666666666666667,.93333334,1.6666666
3945,1,1.833333333333333,3.1333334,4.4333334
3946,1,4.498148229387072,2.9282408,4.4981484
3947,1,0,1.1,2.2
3951,1,.4814814858966404,.69074076,.89999998
3952,1,.8888888888888888,.89444447,.89999998
3953,1,7.416666666666667,6.9583335,7.4166665
3954,1,.8518518606821696,.89259261,.93333334
3955,1,26.96296296517054,24.835648,26.962963
3961,1,9.053703625996908,5.2268519,9.0537033
3962,0,1.4375,1.3616072,1.4375
3972,1,1.333333333333333,1.1833333,1.3333334
3981,0,0,.18452381,.36904761
3982,0,0,0,0
3983,0,0,0,0
3985,0,0,.23809524,.47619048
3986,0,.0625,.03125,.0625
3987,0,.1041666666666667,.052083332,.10416666
3988,0,0,.14285715,.2857143
4001,1,32.71313149278814,29.949795,32.713131
4002,1,3.136363636363636,1.8181819,3.1363637
4003,1,7.946969725868919,5.754735,7.9469695
4004,1,1.454545454545455,.72727275,1.4545455
4005,1,2.227272727272727,1.1136364,2.2272727
4006,1,5.972727255387739,4.0176134,5.9727273
4007,1,0,1.15625,2.3125
4008,1,.1363636363636364,2.1515152,4.1666665
4009,1,0,.52604169,1.0520834
4010,1,17.82575763355602,19.277462,20.729166
4012,1,5.178787897933613,5.3185606,5.4583335
4013,1,2.509090900421143,3.0670455,3.625
4021,1,637.6779223247008,583.15875,637.67792
4022,1,.2575757584788583,.12878788,.25757575
4023,1,33.87878782098944,32.501892,33.878788
4024,1,4.545454632152211,2.3508523,4.5454545
4026,1,10.84090913425792,7.5610795,10.840909
4027,1,4.018181906505064,10.368466,16.71875
4028,1,0,0,0
4029,1,2.586363619024104,1.9494318,2.5863636
4030,1,2.363636363636364,2.1943183,2.3636363
4031,1,1.181818181818182,.84090906,1.1818181
4032,1,10.45454545454546,7.3835225,10.454545
4033,1,6.219697085293856,6.2348485,6.25
4034,1,1.969696998596191,1.7244319,1.969697
4035,1,4.121212157336148,5.232481,6.34375
4037,1,5.909090938893232,4.0170455,5.909091
4038,1,8.331818233836781,10.022159,11.7125
4039,1,5.636363636363637,4.099432,5.6363635
4040,1,2.439393943006342,5.8030305,9.166667
4041,1,2.181818181818182,1.7784091,2.1818182
4042,1,1.068181818181818,2.877841,4.6875
4044,1,9.494805270975286,5.6276112,9.4948053
4045,1,27.77272703430869,26.091572,27.772728
4046,1,1.984848542646928,1.6486742,1.9848485
4047,1,7.954545454545454,6.8522725,7.9545455
4048,1,7.78787881677801,5.6647725,7.787879
4049,1,2.359090920199047,2.0545454,2.3590908
4061,1,4.363636363636363,4.3276515,4.3636365
4062,1,0,.28125,.5625
4063,1,17.99999994310466,11.25,18
4064,1,0,0,0
4065,1,10.65151526711204,10.289299,10.651515
4066,1,4.818181818181818,2.409091,4.818182
4067,1,.1818181818181818,.20549242,.22916667
4068,1,2.818181818181818,1.7997159,2.8181818
4071,1,.2727272727272727,.15719697,.27272728
4072,1,1.151515166867863,.95075756,1.1515151
4073,1,.4545454545454545,.28977272,.45454547
4074,1,.93939394029704,1.000947,1.0625
4075,1,7.409090909090909,5.4857955,7.409091
4076,1,.2727272727272727,.13636364,.27272728
4077,1,.4545454545454545,.22727273,.45454547
4078,1,0,0,0
4079,1,4.522727272727272,2.8238637,4.5227275
4080,1,3.651515137065541,4.5757575,5.5
4081,1,5.893939408389005,7.920928,9.947917
4082,1,50.67676786942916,47.202969,50.676769
4083,1,69.63636363636364,41.00568,69.63636
4084,1,0,0,0
4091,1,0,0,0
4092,1,2.952380955219269,4.5074406,6.0625
4093,1,0,.03125,.0625
4094,1,.7272727272727273,.42613637,.72727275
4095,1,25.28787903352217,19.071022,25.28788
4096,1,.5454545454545454,.30397728,.54545456
4097,1,0,0,0
4099,1,.7272727272727273,.55113637,.72727275
4100,1,.4090909090909091,2.2826705,4.15625
4104,1,0,0,0
4105,1,.1818181818181818,.54924244,.91666669
4106,1,0,0,0
4107,1,0,1,2
4110,1,2.424242453141646,2.3527462,2.4242425
4111,1,.4090909090909091,.93579543,1.4625
4112,1,.1212121248245239,.060606062,.12121212
4114,1,.8787878805940802,.62689394,.87878788
4117,1,.030303031206131,.015151516,.030303031
4120,1,6,3.375,6
4121,1,31.88181813196702,19.586742,31.881819
4122,1,.1090909093618393,.39829546,.6875
4123,1,4.090909085490487,2.5454545,4.090909
4124,1,.0833333351395347,.41875002,.75416666
4125,1,.6818181818181818,.34090909,.68181819
4131,0,.25,.16071428,.25
4132,0,.1666666666666667,3.6904762,7.2142859
4133,0,1.361111124356588,1.3948413,1.4285715
4134,1,1.181818181818182,.71590906,1.1818181
4135,1,0,.5,1
4136,1,.6666666666666666,.38020834,.66666669
4137,0,.5,.39285713,.5
4138,1,.5909090909090909,.60795456,.625
4139,0,.777777781089147,1.4603175,2.1428571
4140,1,1.666666666666667,3.3020833,4.9375
4141,0,38.15833346048991,29.007738,38.158333
4142,1,0,.0062500001,.0125
4143,1,3,1.546875,3
4144,1,5.666666666666667,4.28125,5.6666665
4145,1,.0909090909090909,.92045456,1.75
4146,1,16.66666666666667,14.817708,16.666666
4147,1,0,.125,.25
4161,1,1.492424249649048,.93371212,1.4924242
4163,1,6.584848577325994,4.0736742,6.5848484
4164,1,.5454545454545454,.27272728,.54545456
4165,1,3.912121206521988,7.6696024,11.427084
4166,1,.5454545454545454,.52272725,.54545456
4167,1,0,0,0
4169,1,.9454545432871039,1.0039773,1.0625
4170,1,1,.5,1
4172,1,11.81818181818182,6.159091,11.818182
4173,1,0,.25,.5
4175,1,0,0,0
4176,1,.5757575766606764,.28787878,.57575756
4177,1,2.145454566587101,2.6039772,3.0625
4179,1,.030303031206131,.015151516,.030303031
4181,1,0,.03125,.0625
4182,1,.060606062412262,.030303031,.060606062
4183,1,0,0,0
4184,1,.6818181818181818,2.309659,3.9375
4191,1,0,0,0
4192,1,3,3,3
4193,1,0,0,0
4194,1,2.53787881677801,2.4251895,2.5378788
4195,1,.510101014917547,.97380048,1.4375
4196,1,.8181818181818182,1.1590909,1.5
4197,1,.6363636363636364,2.2869318,3.9375
4198,1,.0909090909090909,.73295456,1.375
4199,1,0,.5625,1.125
4200,1,11.21212109652433,8.356061,11.212121
4201,1,12.83131311969324,9.1578445,12.831313
4202,1,4.661616173657504,4.6745582,4.6875
4203,1,1.5,1.46875,1.5
4204,1,3.154545476490801,4.7335229,6.3125
4205,1,2.71212118322199,1.4810606,2.7121212
4206,1,8.590909090909092,5.3579545,8.590909
4207,1,0,.1875,.375
4208,1,1.863636363636364,1.7547349,1.8636364
4209,1,7.209090926430442,6.0420456,7.2090907
4210,1,2.212121215733615,1.1060606,2.2121212
4221,1,.1666666666666667,.083333336,.16666667
4222,1,.2272727272727273,.39488637,.5625
4223,0,.4861111119389534,.27876985,.4861111
4224,0,0,0,0
4226,1,0,.69791669,1.3958334
4227,1,0,0,0
4228,1,.6060606132854115,.67803031,.75
4229,1,.4545454545454545,.85227275,1.25
4230,0,.2083333333333333,.24702381,.2857143
4231,1,.3333333333333333,.16666667,.33333334
4232,0,2.708333333333333,1.3541666,2.7083333
4233,1,0,0,0
4234,0,.5416666666666666,.94940478,1.3571428
4235,0,.5833333333333334,.29166666,.58333331
4236,1,25.79292930256237,16.083965,25.792929
4237,1,0,0,0
4238,1,.1363636363636364,.06818182,.13636364
4239,0,.8611111144224802,1.9305556,3
4240,1,7.681818181818182,6.028409,7.681818
4251,0,.0833333333333333,.041666668,.083333336
4252,1,7.809722232321898,5.2334328,7.8097224
4253,1,9.173611044883728,5.8153768,9.1736107
4254,1,12.90277770161629,8.4871035,12.902778
4255,1,1.638888890544574,.81944442,1.6388888
4256,1,0,.25,.5
4257,1,0,0,0
4258,1,32.20000004768372,23.284523,32.200001
4259,1,0,0,0
4260,1,22.08181818236004,11.447159,22.081818
4261,1,2.398611163099607,2.2860403,2.3986111
4262,1,.4848484992980957,.24242425,.4848485
4263,1,.3333333333333333,.16666667,.33333334
4264,1,.4166666666666667,.42261904,.42857143
4271,1,5.375,4.7670455,5.375
4272,1,0,0,0
4273,1,0,.03125,.0625
4274,1,2,2.40625,2.8125
4275,1,0,1.03125,2.0625
4276,1,1.333333333333333,1.7083334,2.0833333
4277,1,0,0,0
4279,1,1.375,1.1420455,1.375
4280,1,67.625,64.221588,67.625
4281,1,8.5,5.484375,8.5
4282,1,4.25,5.5886364,6.9272728
4283,1,0,.090909094,.18181819
4284,1,0,.25,.5
4285,1,1.6875,2.84375,4
4286,1,0,.625,1.25
4287,1,0,.22727273,.45454547
4288,1,0,.09375,.1875
4289,1,27.91666668653488,28.842424,29.768183
4301,1,0,0,0
4302,1,0,.0625,.125
4303,1,4.712121269919655,3.6060607,4.7121215
4304,1,5.181818181818182,2.7054925,5.181818
4305,1,1.295454545454545,2.2102273,3.125
4306,1,0,0,0
4307,1,0,.25,.5
4308,1,0,0,0
4309,1,1.303030295805498,1.5681819,1.8333334
4310,1,4.727272727272728,4.8636365,5
4311,1,.6363636363636364,1.1931819,1.75
4312,1,2.422077915885232,1.7318723,2.4220779
4313,1,.1515151587399569,.57575756,1
4314,1,0,1.4375,2.875
4315,1,1.07575756853277,.91287881,1.0757576
4316,1,.4545454545454545,.22727273,.45454547
4317,1,.1818181818181818,.21590909,.25
4318,1,2.196969712322408,1.6609849,2.1969697
4319,1,.3636363636363636,.19744319,.36363637
4320,1,.0909090909090909,.089204542,.090909094
4322,1,1.909090909090909,.95454544,1.9090909
4323,1,4.522727272727272,5.5113635,6.5
4401,1,54.21481492784288,40.774075,54.214813
4406,0,0,0,0
4411,1,.5555555555555556,2.2777777,4
4416,1,0,0,0
4421,1,2.777777777777778,2.2638888,2.7777777
4426,0,0,1.3571428,2.7142856
4431,1,7.888888809416029,7.0486112,7.8888888
4436,1,44.61111111111111,37.872223,44.611111
4441,1,0,.075000003,.15000001
4446,1,0,0,0
4451,1,1.444444444444444,.89722222,1.4444444
4461,1,1.444444444444444,.82222223,1.4444444
4471,1,1.333333333333333,.76666665,1.3333334
4476,1,2.222222222222222,2.4111111,2.5999999
4486,1,8.259259260363049,5.4546294,8.2592592
4495,1,.4444444444444444,.37222221,.44444445
4501,1,2.111111111111111,1.6222222,2.1111112
4506,0,3.5,2.8928571,3.5
4511,1,1.833333333333333,1.1666666,1.8333334
4536,1,2.777777791023254,1.3888888,2.7777777
4545,0,4.319444445272286,5.2311506,6.1428571
4546,1,5.144444453219573,2.9293652,5.1444445
4551,1,9.216666658719381,10.298809,11.380953
4561,1,8.333333333333334,4.5952382,8.333333
4566,1,19.06944447755814,12.534722,19.069445
4571,1,27.49305574099223,30.72867,33.964287
4590,1,.375,.33035713,.375
4591,1,3.375,2.7946429,3.375
4601,1,.25,1.0535715,1.8571428
4606,1,5.375,3.2589285,5.375
4611,1,.4166666666666667,1.0654762,1.7142857
4616,1,2.458333333333333,1.3005953,2.4583333
4621,1,.1666666666666667,1.1904762,2.2142856
4641,0,.5833333333333334,.36309522,.58333331
4643,0,2.847222228844961,2.2950397,2.8472223
4646,0,39.74305578072866,21.538195,39.743057
4651,0,0,0,0
4656,0,2.4375,1.21875,2.4375
4666,0,1.1875,2.3616071,3.5357144
4671,0,49.84027814865112,39.062996,49.840279
4681,0,0,.35714287,.71428573
4683,0,26.625,15.3125,26.625
4691,0,2.416666674117247,2.2797618,2.4166667
4696,0,46.06944433848063,42.429958,46.069443
4701,0,.3611111144224803,.18055555,.3611111
4711,0,0,0,0
4716,0,1.666666666666667,.83333331,1.6666666
4721,1,1.333333333333333,1.0952381,1.3333334
4723,0,0,0,0
4724,1,5.0625,3.3883929,5.0625
4726,0,3.041666666666667,1.5208334,3.0416667
4741,1,0,0,0
4746,0,11.86111106475194,6.859127,11.861111
4751,0,.6111111119389534,1.1626984,1.7142857
4756,0,0,0,0
4761,0,7.145833333333333,5.9300594,7.1458335
4776,0,1,.78571427,1
4781,1,19.9345239798228,11.800595,19.934525
4786,0,.8333333333333334,.41666666,.83333331
4791,0,.5833333333333334,.36309522,.58333331
4801,0,2.461111108462016,1.2662698,2.4611111
4806,0,.6666666666666666,.58333331,.66666669
4811,1,.5833333333333334,.32738096,.58333331
4816,0,.5416666666666666,.41369048,.54166669
4821,1,.2638888955116272,.34623015,.42857143
4826,0,.75,1.4464285,2.1428571
4831,0,1.1875,1.09375,1.1875
4841,1,6.125,3.2053571,6.125
4846,0,.125,.13392857,.14285715
4851,0,1.347222223877907,1.9236112,2.5
4864,0,14.84722216924032,15.709326,16.571428
4871,1,0,2.0714285,4.1428571
4881,0,0,0,0
4891,0,20.31249952316284,12.191964,20.3125
4901,0,0,0,0
4911,0,1.75,2.0892856,2.4285715
4921,0,1.26666667064031,1.647619,2.0285714
4941,0,1.5,1.0357143,1.5
4946,0,16.36805558204651,17.130457,17.892857
4951,0,.8333333333333334,.55952382,.83333331
5001,0,1.72222222884496,1.3611112,1.7222222
5002,0,36.97916666666666,24.513393,36.979168
5003,1,0,.21428572,.42857143
5009,1,.1666666666666667,.51190478,.85714287
5010,0,0,0,0
5017,1,1.5,1.4642857,1.5
5048,0,.0277777786056201,.45436507,.88095236
5049,0,1.5,1.3571428,1.5
5050,0,3.134722240269184,2.3816469,3.1347222
5061,0,.9166666666666666,.45833334,.91666669
5063,0,0,0,0
5064,0,4.527777781089147,6.7519841,8.9761906
5071,0,0,0,0
5072,0,.0416666666666667,.59226191,1.1428572
5073,0,.0277777786056201,.013888889,.027777778
5076,0,0,0,0
5077,0,0,0,0
5078,0,0,.13095239,.26190478
5079,0,.3333333333333333,.66666669,1
5091,0,9.625,9.0267859,9.625
5095,0,0,0,0
5096,0,.75,.375,.75
5097,0,.8333333333333334,.8214286,.83333331
5102,0,0,0,0
5105,0,0,0,0
5108,0,1.666666666666667,1.1190476,1.6666666
5112,0,0,0,0
5113,0,9.666666666666666,5.4761906,9.666667
5115,0,28.90277767181396,35.165676,41.42857
5117,0,0,0,0
5118,0,8.666666666666666,14.190476,19.714285
5120,0,0,0,0
5121,0,1.791666666666667,1.3958334,1.7916666
5125,0,0,0,0
5129,0,0,0,0
5131,0,1,1,1
5135,0,0,0,0
5136,0,0,.64285713,1.2857143
5138,0,5.25,2.9107144,5.25
5141,1,6.236111114422481,8.4037695,10.571428
5143,1,0,0,0
5144,1,1.916666666666667,1.5321429,1.9166666
5146,1,0,0,0
5148,1,7.958333333333333,4.9791665,7.9583335
5149,1,0,.14285715,.2857143
5151,1,20.58333333333333,14.863095,20.583334
5154,1,.9166666666666666,.88690478,.91666669
5160,0,1.013888895511627,.61408728,1.0138888
5161,1,.3333333333333333,.16666667,.33333334
5162,1,0,0,0
5167,1,2.194444457689921,1.0972222,2.1944444
5171,1,0,0,0
5176,1,.25,2.5892856,4.9285712
5178,1,0,0,0
5180,1,0,.53571427,1.0714285
5181,1,0,.14285715,.2857143
5186,1,.4166666666666667,.20833333,.41666666
5187,1,.1666666666666667,.15476191,.16666667
5189,1,4.875,4.8660712,4.875
5192,1,231.6777761454383,196.16508,231.67778
5193,1,4.465277791023254,2.6135912,4.4652777
5194,1,20.6111110051473,10.805555,20.611111
5195,1,0,0,0
5196,1,0,0,0
5197,1,.25,.125,.25
5198,1,.2083333333333333,.10416666,.20833333
5199,1,13.82500008742015,8.4125004,13.825
5200,1,0,0,0
5202,1,.25,.125,.25
5203,1,0,0,0
5205,1,.5,.25,.5
5206,1,0,0,0
5207,1,1,2.7857144,4.5714288
5208,1,.77777777860562,.68650794,.77777779
5210,1,0,0,0
5212,1,.0833333333333333,.077380955,.083333336
5213,1,0,1.7142857,3.4285715
5214,1,2.444444417953491,1.2222222,2.4444444
5216,1,.2083333333333333,.19940476,.20833333
5219,1,1.083333333333333,.54166669,1.0833334
5221,1,3.416666666666667,1.7083334,3.4166667
5222,1,.1666666666666667,.51190478,.85714287
5225,1,3.25,2.5535715,3.25
5226,1,7.416666666666667,4.9583335,7.4166665
5227,1,.8611111243565878,2.3662698,3.8714287
5230,1,.9166666666666666,.67261904,.91666669
5231,1,1.125,.5625,1.125
5233,1,7.729166666666667,5.0729165,7.7291665
5236,1,12.23611120382945,12.975199,13.714286
5237,1,2.791666666666667,1.8244047,2.7916667
5238,1,2.500000029802322,1.7142857,2.5
5242,0,5.506944497426351,4.0391865,5.5069447
5249,0,14.20833333333333,7.1041665,14.208333
5250,0,19.91527773936589,16.86002,19.915277
5251,0,1.291666666666667,.64583331,1.2916666
5254,1,38.39583324144284,22.745535,38.395832
5257,0,.0416666666666667,1.4851191,2.9285715
5260,0,1.041666666666667,1.6636904,2.2857144
5263,1,.5,2.4642856,4.4285712
5266,0,10.91666666666667,8.458333,10.916667
5268,0,8.368055621782938,5.8268847,8.3680553
5269,0,1.083333333333333,.82738096,1.0833334
5281,0,8.639718691507975,5.7127166,8.639719
5287,0,2.458333333333333,1.957738,2.4583333
5304,0,0,0,0
5307,0,0,0,0
5309,0,0,0,0
5310,0,0,0,0
5315,0,0,0,0
5317,0,0,0,0
5323,0,0,0,0
5324,0,0,.023809524,.047619049
5396,0,.4166666666666667,.23214285,.41666666
5397,0,.75,.6964286,.75
5398,0,1.958333333333333,1.2648809,1.9583334
5401,0,2.25,1.8392857,2.25
5402,0,11.88194449742635,10.190972,11.881945
5403,0,0,0,0
5404,0,.6666666666666666,.33333334,.66666669
5405,0,0,0,0
5406,0,.1041666666666667,.052083332,.10416666
5407,0,.5,.25,.5
5408,0,.25,.125,.25
5409,0,6.90833334128062,4.989881,6.9083333
5410,0,0,0,0
5411,0,.8125,.40625,.8125
5412,0,1.541666666666667,.91369045,1.5416666
5413,0,.8333333333333334,.41666666,.83333331
5414,0,2.104166666666667,2.1235118,2.1428571
5415,0,0,0,0
5421,0,8.479166666666666,4.3824406,8.479167
5422,0,99.36111116409302,51.180557,99.361115
5423,0,1.083333333333333,.54166669,1.0833334
5424,0,0,0,0
5425,0,0,0,0
5426,0,.1666666666666667,1.9404762,3.7142856
5427,0,.8333333333333334,1.0595238,1.2857143
5428,0,8.333333333333334,5.4523811,8.333333
5429,0,0,0,0
5430,0,0,0,0
5431,0,1.527777830759684,.7638889,1.5277778
5432,0,0,0,0
5434,0,.0833333333333333,.041666668,.083333336
5435,0,0,0,0
5436,0,0,0,0
5437,0,0,0,0
5451,1,.9722222288449606,.4861111,.97222221
5456,1,4.125,2.2053571,4.125
5458,1,.2777777910232544,.1388889,.27777779
5464,1,.9166666666666666,1.4583334,2
5471,1,0,0,0
5472,0,0,.35714287,.71428573
5473,0,.1666666666666667,.17857143,.19047619
5474,0,0,.035714287,.071428575
5475,0,0,0,0
5476,0,1.625,.95535713,1.625
5477,0,1.074999998013179,.94226193,1.075
5478,0,.5,.25,.5
5479,0,0,.10714286,.21428572
5480,0,3.25,4.2440476,5.2380953
5481,1,0,0,0
5482,0,15.08333333333333,11.398809,15.083333
5483,1,.5,.27083334,.5
5484,0,.3333333333333333,.16666667,.33333334
5485,0,.1666666666666667,.083333336,.16666667
5486,0,0,0,0
5487,0,0,0,0
5488,0,.6388888893028101,.31944445,.6388889
5489,0,5.791666666666667,3.7590985,5.7916665
5490,0,0,0,0
5491,0,.0833333333333333,.041666668,.083333336
5492,0,0,0,0
5493,1,0,0,0
5494,0,.4166666666666667,.20833333,.41666666
5495,0,.722222238779068,1.0753968,1.4285715
5496,0,.0416666666666667,.020833334,.041666668
5497,1,.8030302741310813,.49526513,.80303025
5498,1,1.015151530504227,1.0388258,1.0625
5499,0,6.666666666666667,3.3333333,6.6666665
5500,0,3.1875,3.9508929,4.7142859
5501,0,.3194444576899211,.73115081,1.1428572
5503,0,1.731944446762403,1.3659723,1.7319444
5511,1,.5454545454545454,.39772728,.54545456
5512,1,0,0,0
5513,1,0,0,0
5514,1,0,0,0
5515,1,0,0,0
5516,1,1.742424249649048,1.8087121,1.875
5518,1,1.636363636363636,1.9952651,2.3541667
5520,1,1.590909090909091,1.7537879,1.9166667
5521,1,1.454545454545455,4.6647725,7.875
5522,1,0,0,0
5523,1,2.727272727272727,2.124053,2.7272727
5527,1,1.227272727272727,.95738637,1.2272727
5529,1,.2727272727272727,.13636364,.27272728
5530,1,0,0,0
5531,1,0,.59375,1.1875
5533,1,0,0,0
5534,1,0,.03125,.0625
5535,1,0,0,0
5537,1,0,0,0
5539,1,0,0,0
5540,1,2,1,2
5541,1,.2186147231947292,.10930736,.21861473
5551,1,0,.9375,1.875
5552,1,.0454545454545455,.21022727,.375
5553,1,5.454545454545454,2.8522727,5.4545455
5554,1,1.090909090909091,.54545456,1.0909091
5555,1,0,0,0
5556,1,.9393939430063422,8.032197,15.125
5557,1,0,0,0
5559,1,.2272727272727273,.48863637,.75
5560,1,.0909090909090909,.045454547,.090909094
5561,1,1.090909090909091,1.2642045,1.4375
5562,1,0,0,0
5563,1,0,0,0
5564,1,0,0,0
5565,1,72.22727272727273,41.113636,72.227272
5566,1,0,0,0
5568,1,2.590909101746299,3.2954545,4
5571,1,.060606062412262,.030303031,.060606062
5581,0,6.736111104488373,4.4990077,6.7361112
5582,1,157.6060610684482,86.303032,157.60606
5583,0,7.5625,13.037203,18.511906
5584,0,32.8206353187561,35.787868,38.7551
5585,0,0,0,0
5586,0,585.2898823358119,444.91043,585.28986
5587,0,13.50595237811407,7.7529764,13.505953
5588,0,.75,.375,.75
5589,0,106.1944440205892,61.861507,106.19444
5590,0,254.6972204844157,208.48721,254.69722
5591,0,33.02916693687439,24.90744,33.029167
5592,0,4.25,2.4821429,4.25
5601,0,2.400000015894572,4.0809522,5.7619047
5604,0,0,0,0
5606,0,16.74470913161834,20.18783,23.630953
5607,0,3.958333333333333,1.9791666,3.9583333
5609,0,.1111111144224803,1.4603175,2.8095238
5610,0,2.916666666666667,1.4583334,2.9166667
5611,0,2.173611111938953,3.1939485,4.2142859
5613,0,10.02777777860562,11.388889,12.75
5621,0,.486111119389534,.7233277,.96054423
5622,0,.0416666666666667,.020833334,.041666668
5623,0,.5833333333333334,.50595236,.58333331
5624,0,20.02500011523565,11.619643,20.025
5625,0,0,0,0
5627,0,11.92083334922791,7.2818451,11.920834
5628,0,0,0,0
5629,0,.2916666666666667,.14583333,.29166666
5631,0,5.069444447755814,5.3561506,5.6428571
5632,0,0,0,0
5633,0,1.720833336313565,.86041665,1.7208333
5634,0,4.572222267587979,3.6075397,4.5722222
5635,0,65.54563474655151,48.665676,65.545631
5636,0,5.111111124356587,2.5555556,5.1111112
5637,0,.65277777860562,.39781746,.65277779
5638,0,9.972222228844961,6.3670635,9.9722223
5639,0,1.861111124356588,.93055558,1.8611112
5640,0,1.951388915379842,1.1185516,1.951389
5642,0,58.62797689437866,40.849701,58.627975
5643,0,11.96527777115504,8.7207346,11.965278
5644,0,0,0,0
5645,0,2.25,1.125,2.25
5646,0,16.55277800559998,9.6478176,16.552778
5648,0,27.38888891537984,28.468254,29.547619
5649,0,1.194444445272287,.59722221,1.1944444
5650,0,6.375,3.1875,6.375
5651,0,1.333333333333333,.84523809,1.3333334
5652,0,1.166666666666667,.58333331,1.1666666
5653,0,2.333333333333333,1.2142857,2.3333333
5654,0,0,0,0
5655,0,2.930555569628874,3.5367064,4.1428571
5661,1,.7272727272727273,.45738637,.72727275
5663,1,.6363636363636364,.31818181,.63636363
5665,0,1.365079383055369,.6825397,1.3650794
5669,0,.5,.32142857,.5
5671,0,0,0,0
5673,1,0,0,0
5674,0,0,0,0
5675,0,11.88888889054457,6.8730159,11.888889
5678,1,1.636363636363636,1.3181819,1.6363636
5680,1,0,0,0
5683,0,0,0,0
5684,0,0,0,0
5688,0,0,0,0
5690,1,.5,.25,.5
5692,0,.0694444452722867,.034722224,.069444448
5693,1,2.5,1.25,2.5
5701,1,0,0,0
5702,0,.375,.1875,.375
5703,0,0,0,0
5704,0,8.402777830759684,4.2013888,8.4027777
5705,1,0,0,0
5706,1,.1071428571428571,.13690476,.16666667
5707,1,13.592743737357,7.3935943,13.592744
5708,1,0,0,0
5709,1,1.571428571428571,1.0773809,1.5714285
5710,0,0,0,0
5711,1,12.54761913844517,10.197421,12.547619
5712,1,3.857142857142857,4.5813494,5.3055553
5713,1,4.642857142857143,2.4325397,4.6428571
5714,1,1.142857142857143,1.0089285,1.1428572
5715,0,.5833333333333334,.29166666,.58333331
5716,0,9.736111124356588,7.0823412,9.7361107
5717,1,5.357142857142857,3.8869047,5.3571429
5718,0,16.61111116409302,9.0198412,16.611111
5719,0,5.929166634877522,3.2860119,5.9291668
5720,0,.7916666666666666,.53869045,.79166669
5721,0,15.73611116409302,16.510912,17.285715
5722,0,0,0,0
5723,1,5.187981924840382,4.7120466,5.1879821
5724,0,50.76792335510254,37.050629,50.767921
5725,0,15.51388883590698,10.233135,15.513889
5726,1,6.357142857142857,5.4702382,6.3571429
5727,0,15.79298942287763,16.753637,17.714285
5728,1,0,0,0
5729,1,0,0,0
5730,0,1.680555555969477,.84027779,1.6805556
5731,0,4.295833329359691,6.6122022,8.9285717
5732,0,145.0416666666667,72.520836,145.04167
5741,1,0,0,0
5742,1,0,0,0
5743,1,0,0,0
5744,1,4.696969725868919,5.973485,7.25
5745,1,1.590909090909091,.79545456,1.5909091
5746,1,0,0,0
5747,1,0,0,0
5748,1,0,0,0
5749,1,2.878787907687101,2.126894,2.878788
5750,1,0,0,0
5752,1,0,0,0
5754,1,0,0,0
5755,1,.4090909090909091,.20454545,.40909091
5756,1,0,0,0
5757,1,1.196969697421247,1.4526515,1.7083333
5758,0,0,0,0
5759,1,0,0,0
5760,1,.0757575793699785,.037878789,.075757578
5761,1,1.545454545454545,1.7102273,1.875
5762,1,0,0,0
5763,1,0,0,0
5764,1,2.045454575256868,3.1060607,4.1666665
5765,0,.1666666666666667,.083333336,.16666667
5766,1,0,.0625,.125
5785,0,.3333333333333333,2.6666667,5
5788,0,0,0,0
5790,0,.0208333333333333,.081845239,.14285715
5792,0,.0416666666666667,.020833334,.041666668
5798,0,.0416666666666667,.52083331,1
5799,0,1.327380955219269,2.1636906,3
5803,0,0,0,0
5804,1,12.54545454545454,10.137311,12.545455
5805,0,2.722222223877907,3.0039682,3.2857144
5806,0,8.19444445768992,18.74008,29.285715
5812,1,0,0,0
5813,0,0,0,0
5816,1,.0333333338300387,.052380953,.071428575
5817,1,.3333333333333333,.16666667,.33333334
5819,1,0,0,0
5821,1,0,0,0
5822,1,2.611111104488373,1.8412699,2.6111112
5827,1,0,0,0
5828,1,0,0,0
5830,1,0,0,0
5831,0,0,.2857143,.5714286
5841,0,0,0,0
5842,0,0,0,0
5843,0,0,.42857143,.85714287
5851,0,.5833333333333334,.43452382,.58333331
5852,0,0,0,0
5853,0,1.375,.6875,1.375
5854,0,0,0,0
5855,0,4.708333333333333,6.2113094,7.7142859
5856,0,0,0,0
5857,0,0,0,0
5858,0,1.325000007947286,.66250002,1.325
5859,0,8.75,4.375,8.75
5860,0,0,.78571427,1.5714285
5861,0,0,0,0
5862,0,11.04768518606822,8.4857473,11.047686
5863,0,0,0,0
5871,0,26.08333333333333,13.041667,26.083334
5872,0,16.19861117998759,12.730258,16.19861
5873,0,2.916666666666667,3.9226191,4.9285712
5881,0,3.472222248713175,2.2718253,3.4722223
5882,0,5.444444447755814,3.079365,5.4444447
5883,0,7.479166706403096,4.1800594,7.4791665
5884,0,.4444444576899211,.29365081,.44444445
5885,0,1.916666666666667,1.0297619,1.9166666
5886,0,16.20416669547558,15.030655,16.204166
5888,0,4.745370388031006,3.8012567,4.7453704
5889,0,2.413690497477849,2.1592262,2.4136906
5890,0,1184.384724934896,978.10901,1184.3848
5891,0,0,0,0
5902,1,.030303031206131,.015151516,.030303031
5903,1,0,0,0
5904,1,.030303031206131,.5776515,1.125
5905,1,0,0,0
5907,1,.060606062412262,.030303031,.060606062
5908,1,0,0,0
5909,1,0,0,0
5910,1,0,.0625,.125
5911,1,.5,.25,.5
5912,1,0,0,0
5913,1,0,.15625,.3125
5914,1,0,0,0
5919,1,0,0,0
5921,1,.0454545454545455,.022727273,.045454547
5922,1,2.045454545454545,3.2727273,4.5
5923,1,0,0,0
5924,1,.1818181818181818,.21590909,.25
5925,1,1.363636363636364,.68181819,1.3636364
5926,1,.5454545454545454,.27272728,.54545456
5928,1,0,0,0
5929,1,0,0,0
5930,1,0,0,0
5931,1,0,0,0
5932,1,0,0,0
5933,1,.1818181818181818,.15340909,.18181819
5934,1,0,0,0
5935,1,0,0,0
5937,1,0,0,0
5938,1,19.81212108785456,18.437311,19.81212
5939,1,8.772727272727273,9.761364,10.75
6002,0,17.625,10.73937,17.625
6004,0,.75,.375,.75
6007,0,1.291666666666667,1.9315476,2.5714285
6008,0,2.666666666666667,1.7619047,2.6666667
6009,0,.0833333333333333,.041666668,.083333336
6010,0,.4166666666666667,.20833333,.41666666
6011,0,0,0,0
6021,1,.4545454545454545,.22727273,.45454547
6022,1,.0909090909090909,.045454547,.090909094
6023,1,1.409090909090909,.95454544,1.4090909
6024,1,.3636363636363636,2.1818182,4
6025,1,1.636363636363636,1.9119319,2.1875
6031,0,1.458333333333333,2.8005953,4.1428571
6032,0,0,0,0
6033,0,0,0,0
6034,0,.25,.125,.25
6035,0,.25,.32142857,.39285713
6036,0,1.041666666666667,.52083331,1.0416666
6052,0,0,0,0
6054,0,0,0,0
6056,0,0,0,0
6057,0,0,0,0
6058,0,0,0,0
6061,0,0,0,0
6076,0,0,.21428572,.42857143
6077,0,.1666666666666667,.083333336,.16666667
6082,1,0,0,0
6083,1,.8636363636363636,.43181819,.86363637
6084,1,.9090909090909091,.45454547,.90909094
6087,1,.4545454545454545,.22727273,.45454547
6089,1,.060606062412262,.030303031,.060606062
6090,1,.5606060895052823,.28030303,.56060606
6101,0,0,0,0
6102,0,0,0,0
6104,0,0,0,0
6109,0,0,0,0
6110,0,.25,.26785713,.2857143
6111,0,.25,.125,.25
6112,0,0,0,0
6113,1,1.5,.75,1.5
6116,0,0,0,0
6117,0,0,0,0
6118,0,0,20,40
6119,0,0,0,0
6131,0,0,0,0
6132,1,.3636363636363636,.18181819,.36363637
6133,1,.4545454545454545,.47727272,.5
6134,1,0,0,0
6135,1,0,0,0
6136,0,17.94166660308838,16.542261,17.941666
6137,0,0,0,0
6139,1,.3636363636363636,.18181819,.36363637
6140,1,.1212121221152219,.060606062,.12121212
6141,1,0,0,0
6142,0,0,0,0
6151,0,.6666666666666666,.33333334,.66666669
6152,0,.75,.44642857,.75
6153,0,16.18055566151937,10.030754,16.180555
6154,0,20.91666666666667,10.458333,20.916666
6155,0,0,.14285715,.2857143
6156,0,1.291666666666667,1.1458334,1.2916666
6157,0,0,.071428575,.14285715
6158,0,5.75,4.0178571,5.75
6159,0,53.83333333333334,37.630951,53.833332
6172,0,0,0,0
6173,0,.5833333333333334,.93452382,1.2857143
6177,0,0,0,0
6181,0,.3333333333333333,.16666667,.33333334
6191,0,0,0,0
6192,0,0,0,0
6193,0,0,.14285715,.2857143
6194,0,.3611111243565877,.18055557,.36111113
6195,0,0,0,0
6197,0,0,0,0
6198,0,0,0,0
6199,0,1.608333334326744,1.2514455,1.6083333
6201,0,0,0,0
6202,0,0,0,0
6203,0,0,0,0
6204,0,0,0,0
6205,0,0,0,0
6211,0,0,0,0
6212,0,0,0,0
6213,0,1.333333333333333,1.0952381,1.3333334
6214,0,0,0,0
6215,0,0,0,0
6217,0,1.833333333333333,.91666669,1.8333334
6218,0,0,0,0
6219,0,0,0,0
6220,0,2.833333333333333,2.1309524,2.8333333
6232,1,0,0,0
6235,1,.3333333405581387,.16666667,.33333334
6238,1,0,0,0
6239,1,0,0,0
6240,1,0,0,0
6241,1,0,0,0
6246,1,0,.5625,1.125
6248,1,0,.5,1
6249,1,0,0,0
6250,1,17.46969708529386,10.980681,17.469698
6252,0,1,.78571427,1
6253,1,22.36969705061479,21.059849,22.369698
6261,1,.7272727272727273,1.1969697,1.6666666
6263,1,.3090909177606756,.25871214,.30909091
6265,1,.8030303174799139,.40151516,.80303031
6266,1,19.96212122657082,12.975852,19.962122
6267,1,0,0,0
6281,0,1.875,1.5446428,1.875
6282,0,0,0,0
6283,0,0,0,0
6285,0,0,0,0
6286,0,.4583333333333333,.22916667,.45833334
6287,0,0,0,0
6288,0,0,0,0
6289,0,.3055555621782939,.15277778,.30555555
6290,0,0,.9285714,1.8571428
6291,0,0,0,0
6292,0,3.308333337306976,2.4126701,3.3083334
6293,0,.3333333333333333,.21258503,.33333334
6294,0,0,0,0
6295,0,0,0,0
6296,0,0,0,0
6297,0,32.38055557012558,36.535515,40.690475
6298,0,.5833333333333334,.29166666,.58333331
6299,0,0,0,0
6300,0,2.791666666666667,1.4672619,2.7916667
6404,0,9.602777751783529,7.2299604,9.6027775
6407,0,11.47500001390775,7.5470238,11.475
6408,0,2.333333333333333,3.9761906,5.6190476
6412,0,6.069444457689921,3.4990079,6.0694447
6413,1,.1363636363636364,.56818181,1
6416,0,28.70416674638788,20.187798,28.704166
6417,1,10.51515152237632,11.346862,12.178572
6421,1,159.4792932163585,118.73965,159.47929
6422,1,1.318181847984141,.65909094,1.3181819
6423,1,0,0,0
6431,1,.3636363636363636,1.9630681,3.5625
6432,1,0,.19791667,.39583334
6433,1,1.5,1.0208334,1.5
6434,1,0,0,0
6435,1,0,0,0
6436,1,69.08484823053533,39.698673,69.084846
6437,1,.3636363636363636,.22348484,.36363637
6451,1,0,0,0
6452,1,.0277777786056201,.15674603,.2857143
6453,1,1.000000027318795,.5,1
6454,1,9.606060607866807,5.969697,9.606061
6455,1,10.09722216924032,6.8402777,10.097222
6456,1,2.500000067055225,1.25,2.5
6458,0,306.2652779693405,233.12193,306.26529
6459,1,6,6.6458335,7.291667
6461,1,176.9305559794108,102.34793,176.93056
6485,1,.6363636363636364,.31818181,.63636363
6487,1,10.71969698504968,9.693182,10.719697
6504,0,0,1.5,3
6511,0,.5138888893028101,.68551588,.85714287
6512,0,38.91666656111678,23.458334,38.916668
6601,1,0,.27083334,.54166669
6602,1,3.5,3.1527777,3.5
6603,1,0,1.6666666,3.3333333
6604,1,6.928571428571429,4.3142858,6.9285712
6605,1,0,5.3888888,10.777778
6606,1,6.641836728368487,8.8042517,10.966666
6607,1,15.99999972752162,12.138888,16
6608,1,17.28571428571428,21.372719,25.459723
6609,1,.7142857142857143,1.1071428,1.5
6610,1,0,.16666667,.33333334
6611,1,0,2.5416667,5.0833335
6612,1,14.26190478461129,12.137897,14.261905
6613,1,4,3.125,4
6614,1,14.26190464837211,12.547619,14.261905
6615,1,.8452380980764117,4.0615077,7.2777777
6616,1,7.357142857142857,6.3105159,7.3571429
6617,1,13.4761905670166,8.3839283,13.476191
6618,1,4.071428571428571,4.3482141,4.625
6619,1,2.61904764175415,2.1011906,2.6190476
6620,1,.5238095266478402,1.5535715,2.5833333
6621,1,460.0713144881385,410.16223,460.07132
6622,1,19.85714285714286,11.095238,19.857143
6623,1,17.14285714285714,21.217262,25.291666
6624,1,0,0,0
6625,1,.1714285782405308,.085714288,.17142858
6626,1,.5,.45833334,.5
6627,1,.5714285714285714,3.5773809,6.5833335
6628,1,0,0,0
6629,1,.2857142857142857,.30952382,.33333334
6630,1,77.00102070399693,65.451202,77.001022
6631,1,28.88095256260463,23.937004,28.880953
6632,1,.1428571428571428,.44642857,.75
6633,1,182.7619051252093,120.18998,182.7619
6634,1,5.476190567016602,5.1755953,5.4761906
6635,1,0,0,0
6636,1,0,0,0
6637,1,.4285714285714285,.50595236,.58333331
6638,1,170.9285714285714,129.36012,170.92857
6639,1,1,1,1
6640,1,2.428571428571428,6.03373,9.6388893
6641,1,8.880952290126256,7.6765871,8.8809519
6642,1,1.142857142857143,2.3630953,3.5833333
6643,1,16.841269833701,16.6542,16.84127
6644,1,13.04988670349121,24.36175,35.673611
6645,1,18.46190478546279,15.317758,18.461905
6702,0,0,0,0
6703,0,0,0,0
6704,0,0,.071428575,.14285715
6706,0,.3333333333333333,1.3095238,2.2857144
6708,0,1.083333333333333,4.7107143,8.3380957
6709,0,.8571428656578064,.78571427,.85714287
6710,0,.8333333333333334,.41666666,.83333331
6711,0,34.3347225189209,22.917362,34.334724
6712,0,1.083333333333333,.54166669,1.0833334
6713,0,0,0,0
6715,0,0,.71428573,1.4285715
6716,0,0,0,0
6718,0,0,0,0
6719,0,.25,.125,.25
6720,0,.875,.69464284,.875
6721,0,.1333333353201548,.06666667,.13333334
6722,1,0,.375,.75
6724,0,0,0,0
6728,0,0,0,0
6729,0,9.333333333333334,5.9880953,9.333333
6730,0,.5138888955116272,.25694445,.5138889
6741,1,0,0,0
6742,1,0,0,0
6743,1,0,0,0
6744,1,0,0,0
6745,1,.8424242734909058,.42121214,.84242427
6748,1,1.545454545454545,1.2727273,1.5454545
6750,1,1,.5625,1
6751,0,.1666666666666667,.083333336,.16666667
6753,1,.0909090909090909,.045454547,.090909094
6754,1,32.07575763355602,18.423296,32.075756
6757,1,3.5,1.75,3.5
6758,0,0,0,0
6759,0,0,0,0
6771,0,.75,.375,.75
6773,0,1.083333333333333,.54166669,1.0833334
6774,0,.5833333333333334,.47023809,.58333331
6775,0,.4166666666666667,.35119048,.41666666
6778,0,0,.21428572,.42857143
6781,0,0,0,0
6782,0,.4166666666666667,.20833333,.41666666
6783,0,0,0,0
6784,0,0,1.1190476,2.2380953
6785,0,.2013888955116272,.17212301,.2013889
6787,0,0,0,0
6789,0,0,0,0
6790,0,0,.19047619,.38095239
6792,0,.1319444477558136,.065972224,.13194445
6793,0,0,0,0
6800,0,7.673611111938953,6.3844247,7.6736112
6806,0,0,0,0
6807,0,3,1.5,3
6808,0,3.333333333333333,1.7380953,3.3333333
6809,0,10.41666666666667,9.6369047,10.416667
6810,0,0,0,0
