GMDENR_2018,ms_region,fe_q4,fe_phe_q4,fe_hts_q4,UAS_first,UAS_close,T_25
1,10004,2,2,1,1997,0,1
2,10004,4,4,3,1997,0,1
3,10004,3,3,2,1998,0,1
4,10004,3,3,3,1997,0,1
5,10004,4,4,4,1998,0,1
6,10004,2,2,3,1997,0,1
7,10004,2,2,3,1997,0,1
8,10004,1,1,2,1997,0,1
9,10004,3,3,3,1997,0,1
10,10004,3,3,3,1997,0,1
11,10004,3,3,3,1998,0,1
12,10004,2,1,3,1997,0,1
13,10004,3,3,3,1998,0,1
14,10004,3,4,4,1998,0,1
21,10009,1,1,2,1997,0,1
22,10009,2,2,2,1997,0,1
23,10009,1,1,1,1997,0,1
24,10009,1,1,1,1997,0,1
25,10009,2,3,4,1997,0,1
26,10009,1,1,2,1997,0,1
27,10009,3,4,4,0,0,0
28,10009,3,3,2,1997,0,1
29,10009,3,3,4,0,0,0
30,10009,3,4,4,1997,0,1
31,10009,2,3,2,1997,0,1
32,10009,1,2,1,1997,0,1
33,10009,3,3,3,1997,0,1
34,10009,2,2,3,1997,0,1
35,10009,3,3,3,1997,0,1
36,10009,2,2,1,1997,0,1
37,10009,3,2,3,1997,0,1
38,10009,3,4,1,1997,0,1
39,10009,1,1,2,1997,0,1
40,10009,2,2,3,1997,0,1
41,10009,1,1,3,1997,0,1
42,10009,2,2,2,1997,0,1
43,10009,1,1,1,1997,0,1
44,10009,1,1,2,1997,0,1
51,10010,4,4,3,1997,0,1
52,10002,4,4,3,1997,0,1
53,10010,4,4,4,1997,0,1
54,10002,4,4,3,1997,0,1
55,10010,4,3,2,1997,0,1
56,10010,4,4,3,1997,0,1
57,10010,3,3,4,1997,0,1
58,10010,3,2,2,1997,0,1
59,10010,3,3,2,1997,0,1
60,10010,4,4,4,1997,0,1
61,10010,2,2,3,1997,0,1
62,10002,4,4,2,1997,0,1
63,10010,2,2,3,1997,0,1
64,10002,3,2,2,1997,0,1
65,10010,2,1,2,1997,0,1
66,10002,4,4,2,1997,0,1
67,10010,3,3,3,1997,0,1
68,10010,3,3,4,1997,0,1
69,10002,4,4,3,1997,0,1
70,10010,1,1,1,0,0,0
71,10010,2,2,2,1997,0,1
72,10010,3,2,2,1997,0,1
81,10010,2,2,1,1998,0,1
82,10002,2,2,2,1998,0,1
83,10002,4,4,2,1998,0,1
84,10002,4,4,4,1998,0,1
85,10002,3,4,3,1998,0,1
86,10010,4,4,3,1998,0,1
87,10002,2,3,3,1998,0,1
88,10010,3,2,2,1997,0,1
89,10010,3,3,4,1997,0,1
90,10010,4,3,3,1997,0,1
91,10010,3,4,4,1998,0,1
92,10010,3,2,4,1997,0,1
93,10010,2,3,3,1998,0,1
94,10002,4,4,3,1998,0,1
95,10010,2,3,2,1998,0,1
96,10002,4,4,4,1998,0,1
97,10002,4,4,4,1998,0,1
98,10010,1,1,2,1998,0,1
99,10010,2,3,3,1998,0,1
100,10010,3,2,3,1997,0,1
101,10010,3,3,3,1997,0,1
102,10010,2,2,1,0,0,0
111,10007,3,3,3,2001,0,1
112,10007,4,4,4,1997,0,1
113,10007,3,3,3,1997,0,1
114,10007,3,3,3,2001,0,1
115,10007,4,3,3,1997,0,1
116,10007,3,3,4,1997,0,1
117,10007,4,4,4,2001,0,1
118,10007,4,4,4,1997,0,1
119,10007,2,3,2,1997,0,1
120,10007,4,4,3,2001,0,1
121,10007,4,4,4,2001,0,1
131,10005,4,4,3,1997,0,1
134,10005,2,2,4,1997,0,1
135,10005,4,4,2,1997,0,1
136,10005,4,3,3,1997,0,1
137,10005,3,3,3,1997,0,1
138,10005,4,4,4,1997,0,1
139,10005,4,4,1,1997,0,1
140,10005,3,2,3,1997,0,1
141,10005,4,4,2,1997,0,1
142,10005,4,4,4,1997,0,1
151,10006,4,4,2,1997,0,1
152,10006,3,3,2,1997,0,1
153,10006,4,4,4,1997,0,1
154,10006,4,4,2,1997,0,1
155,10006,4,4,4,1997,0,1
156,10006,4,4,3,1997,0,1
157,10006,4,4,3,1997,0,1
158,10006,4,4,4,1997,0,1
159,10006,4,4,4,1997,0,1
160,10006,4,3,3,1997,0,1
161,10006,4,4,2,1998,0,1
172,10007,4,4,3,1997,0,1
173,10007,3,3,3,1997,0,1
176,10008,4,4,3,1997,0,1
177,10007,4,4,4,1997,0,1
178,10007,3,3,2,1997,0,1
180,10008,3,3,3,1997,0,1
181,10007,3,3,4,1997,0,1
182,10007,2,1,2,1997,0,1
191,10002,4,4,3,1997,0,1
192,10006,4,3,4,1997,0,1
193,10002,4,4,4,1997,0,1
194,10007,4,4,4,1997,0,1
195,10002,4,3,3,1997,0,1
196,10007,3,3,4,1997,0,1
197,10002,4,4,4,1997,0,1
198,10007,4,4,3,1997,0,1
199,10002,4,4,3,1997,0,1
200,10002,4,4,3,1997,0,1
211,10009,1,1,3,1997,0,1
213,10008,2,2,2,1997,0,1
214,10008,2,2,2,1997,0,1
215,10008,1,1,4,1997,0,1
216,10008,2,2,2,1997,0,1
218,10008,2,2,3,1997,0,1
219,10008,3,3,4,1997,0,1
220,10008,2,1,3,1997,0,1
221,10008,3,3,4,1997,0,1
223,10008,4,3,3,1997,0,1
224,10008,3,3,3,1997,0,1
225,10008,2,2,3,1997,0,1
226,10008,1,1,3,1997,0,1
227,10008,4,4,2,1997,0,1
228,10008,4,3,3,1997,0,1
230,10008,4,4,3,1997,0,1
231,10008,4,3,4,1997,0,1
241,10003,2,2,2,1998,0,1
242,10003,4,3,2,1998,0,1
243,10003,4,4,3,1998,0,1
244,10003,4,4,3,1998,0,1
245,10003,4,4,3,1998,0,1
246,10003,2,3,2,1998,0,1
247,10003,4,4,3,1998,0,1
248,10003,3,3,1,1998,0,1
249,10003,3,3,3,1998,0,1
250,10003,4,4,3,1998,0,1
251,10003,4,4,2,1998,0,1
261,10001,4,4,2,1997,0,1
294,10008,4,3,4,1997,0,1
295,10005,4,4,4,1997,0,1
296,10008,4,4,3,1997,0,1
297,10007,4,3,2,1997,0,1
298,10008,3,2,2,1997,0,1
301,10012,4,4,3,1997,0,1
302,10012,2,2,4,1997,0,1
303,10012,3,2,4,1997,0,1
304,10012,3,3,3,1997,0,1
305,10012,2,2,4,1997,0,1
306,10012,4,4,4,1997,0,1
307,10011,3,2,2,1997,0,1
309,10012,2,1,1,1997,0,1
310,10012,3,2,2,1997,0,1
311,10012,3,2,2,1997,0,1
312,10012,3,3,3,1997,0,1
321,10015,3,3,3,1998,2005,.5
322,10015,1,2,2,1997,0,1
323,10015,2,3,1,1998,2005,.5
324,10015,3,4,4,1997,0,1
325,10015,1,1,2,1998,2003,.5
326,10015,2,1,2,0,0,0
329,10015,4,4,3,1998,2005,.5
331,10015,3,4,4,1997,0,1
332,10015,3,3,3,1997,0,1
333,10015,3,3,1,1998,2005,.5
334,10015,1,2,3,1998,2005,.5
335,10015,1,1,2,1997,0,1
336,10015,1,1,1,1998,2003,.5
337,10015,4,3,4,1998,2005,.5
338,10015,3,3,1,1997,0,1
339,10015,1,2,2,1997,0,1
340,10015,1,1,2,1997,0,1
341,10015,1,1,1,1998,2005,.5
342,10015,4,4,4,1997,0,1
344,10015,2,3,3,1997,0,1
345,10015,3,3,4,1998,2005,.5
351,10011,4,4,2,1997,2003,.5
352,10011,4,3,1,1997,0,1
353,10011,3,3,1,1997,0,1
354,10011,3,3,3,1997,0,1
355,10011,4,4,3,1997,2003,.5
356,10011,4,4,3,1997,2003,.5
357,10019,1,1,2,1997,2003,.5
358,10011,3,4,2,1997,0,1
359,10011,3,2,2,1997,0,1
360,10011,4,2,1,1997,0,1
361,10011,4,4,3,1997,0,1
362,10011,4,4,3,1997,0,1
363,10011,4,4,2,1997,0,1
371,10013,4,4,4,1997,0,1
372,10013,3,3,2,1997,0,1
381,10024,3,3,4,1997,0,1
382,10012,1,2,3,1997,0,1
383,10024,4,4,4,1997,0,1
385,10012,2,2,4,1997,0,1
386,10012,3,3,2,1997,0,1
387,10024,4,4,4,1997,0,1
388,10024,2,1,4,1997,0,1
389,10024,1,2,1,1997,0,1
390,10024,2,2,3,1997,0,1
391,10024,2,2,3,1997,0,1
392,10013,3,3,4,1997,0,1
393,10024,2,3,2,1997,0,1
394,10012,1,1,1,1997,0,1
401,10016,2,3,4,1997,0,1
402,10016,1,1,1,1997,0,1
403,10011,2,3,2,1997,0,1
404,10016,4,4,4,1997,0,1
405,10016,3,2,3,1997,0,1
406,10016,3,3,3,1997,0,1
407,10016,2,1,2,1997,0,1
408,10016,2,4,1,1997,0,1
409,10016,3,3,3,1997,0,1
410,10016,1,2,2,1997,0,1
411,10016,1,1,3,1997,0,1
412,10016,4,4,4,1997,0,1
413,10016,3,3,2,1997,0,1
414,10016,3,2,3,1997,0,1
415,10016,3,4,3,1997,0,1
416,10016,1,1,1,1997,0,1
418,10016,4,4,3,1997,0,1
420,10016,3,3,2,1997,0,1
421,10016,1,2,1,1997,0,1
422,10016,1,1,1,1997,0,1
423,10016,1,2,3,1997,0,1
424,10016,3,2,2,1997,0,1
431,10014,3,3,4,1997,0,1
432,10103,1,1,4,1997,0,1
433,10014,1,1,4,1997,0,1
434,10103,3,3,3,1997,0,1
435,10103,2,2,4,1998,0,1
437,10103,1,1,1,1998,0,1
438,10014,3,2,4,1997,0,1
441,10103,2,2,4,1998,0,1
442,10014,1,1,1,1997,0,1
443,10103,4,4,4,1998,0,1
444,10014,4,4,4,1997,0,1
445,10103,2,1,2,1998,0,1
446,10103,4,4,4,1997,0,1
448,10103,2,3,4,1998,0,1
449,10014,1,1,3,1997,0,1
450,10014,3,2,3,1997,0,1
491,10012,2,2,2,1997,0,1
492,10012,3,4,3,1997,0,1
493,10012,1,2,4,1997,0,1
494,10012,2,3,4,1997,0,1
495,10012,2,2,2,0,0,0
496,10012,4,3,1,1997,0,1
497,10012,1,2,2,1997,0,1
498,10012,3,3,3,1997,0,1
499,10012,1,2,3,1997,0,1
500,10012,1,1,1,1997,0,1
501,10012,2,4,1,1997,0,1
502,10012,2,1,2,1997,0,1
533,10016,3,3,3,1997,0,1
535,10011,1,1,1,1997,0,1
536,10011,1,1,1,1997,0,1
538,10016,3,2,2,1997,0,1
540,10011,4,4,3,1997,0,1
541,10011,1,1,2,1997,0,1
543,10011,1,1,2,1997,0,1
544,10011,4,4,3,1997,0,1
546,10011,4,4,2,1997,0,1
551,10011,4,4,2,1997,0,1
552,10016,4,4,3,1997,0,1
553,10011,1,1,3,1997,0,1
554,10016,3,4,4,1997,0,1
556,10016,1,1,1,1997,0,1
557,10011,1,1,1,1997,0,1
561,10022,4,3,1,0,0,0
562,10020,3,3,1,0,0,0
563,10022,4,4,4,0,0,0
564,10022,2,1,2,0,0,0
565,10022,3,3,1,0,0,0
566,10020,2,2,2,0,0,0
567,10022,3,2,3,0,0,0
571,10023,3,3,1,0,0,0
572,10023,3,3,2,0,0,0
573,10023,4,3,3,0,0,0
574,10023,2,2,2,0,0,0
575,10023,1,1,3,0,0,0
576,10023,4,4,1,0,0,0
577,10023,2,2,1,0,0,0
578,10023,2,3,1,0,0,0
579,10023,1,1,1,0,0,0
580,10023,2,3,2,0,0,0
581,10023,4,4,2,0,0,0
582,10023,2,2,2,0,0,0
584,10023,4,4,1,0,0,0
585,10023,2,2,3,0,0,0
586,10023,1,2,1,0,0,0
587,10023,4,4,2,0,0,0
588,10023,1,1,4,0,0,0
589,10023,2,2,4,0,0,0
590,10023,3,3,2,0,0,0
591,10023,1,1,1,0,0,0
592,10023,1,1,3,0,0,0
593,10023,4,4,2,0,0,0
594,10023,3,3,2,0,0,0
602,10018,2,1,1,1997,0,1
603,10018,3,4,4,1997,0,1
605,10018,2,2,3,1997,2003,.5
606,10018,1,3,1,1997,2003,.5
607,10018,1,1,1,1997,2003,.5
608,10018,4,4,3,1997,0,1
609,10018,1,1,1,1997,2003,.5
610,10018,1,1,1,1997,2003,.5
611,10018,2,2,1,1997,2003,.5
612,10018,4,4,3,1997,0,1
613,10017,1,1,2,1997,0,1
614,10018,2,2,3,0,0,0
615,10018,1,2,3,1997,0,1
616,10018,4,4,3,1997,2003,.5
617,10018,1,1,1,1997,2003,.5
619,10018,4,4,3,1997,2003,.5
620,10018,2,2,1,1997,0,1
622,10018,2,2,3,1997,2003,.5
623,10018,3,3,4,1997,0,1
626,10018,3,3,3,1997,0,1
627,10011,4,4,3,1997,0,1
628,10018,2,3,2,1997,0,1
629,10018,1,1,3,1997,2003,.5
630,10011,2,2,3,1997,2003,.5
632,10018,3,3,3,1997,2003,.5
661,10042,1,1,1,1997,0,1
662,10042,2,2,3,1997,0,1
663,10011,3,3,4,1997,2003,.5
664,10042,1,1,3,1997,0,1
665,10042,1,1,1,1997,0,1
666,10042,1,1,1,1997,0,1
667,10042,4,4,2,1997,0,1
668,10042,3,2,2,1997,0,1
669,10042,1,2,3,1997,0,1
670,10042,4,3,2,1997,0,1
671,10042,1,1,1,1997,0,1
681,10014,1,2,4,0,0,0
683,10014,1,1,4,0,0,0
687,10014,1,1,1,1998,2003,.5
690,10014,3,3,4,0,0,0
691,10014,2,2,4,0,0,0
692,10014,1,3,4,0,0,0
694,10014,1,2,4,0,0,0
696,10014,2,3,4,1997,0,1
700,10014,4,4,4,0,0,0
701,10014,1,1,4,0,0,0
703,10014,4,4,2,1997,0,1
704,10014,1,1,2,0,0,0
706,10014,3,3,1,1997,0,1
707,10014,1,1,1,1997,0,1
708,10014,1,1,1,1998,2003,.5
709,10014,1,1,1,1998,2003,.5
711,10014,1,1,4,0,0,0
713,10014,4,3,4,1997,0,1
715,10014,1,1,1,1998,0,1
716,10014,1,1,2,0,0,0
717,10014,4,4,4,1997,0,1
723,10014,4,4,4,1997,0,1
724,10014,1,1,3,1997,0,1
726,10014,3,2,3,1997,0,1
731,10013,3,3,4,1997,0,1
732,10013,2,2,3,1997,0,1
733,10013,4,4,4,1997,0,1
734,10012,1,1,2,1997,0,1
735,10013,1,1,2,1997,0,1
736,10013,1,2,1,1997,0,1
737,10013,1,1,3,1997,0,1
738,10013,1,2,4,1997,0,1
739,10013,3,3,4,1997,0,1
740,10013,1,2,2,1997,0,1
741,10013,1,1,2,1997,0,1
742,10013,1,1,4,1997,0,1
743,10013,4,4,4,1997,0,1
744,10013,3,4,4,1997,0,1
745,10013,3,4,4,1997,0,1
746,10013,3,3,4,1997,0,1
747,10013,1,2,2,1997,0,1
748,10013,2,3,2,1997,0,1
749,10013,4,4,3,1997,0,1
750,10013,2,3,4,1997,0,1
751,10013,3,4,4,1997,0,1
754,10012,2,2,1,1997,0,1
755,10012,3,4,4,1997,0,1
756,10013,3,2,2,1997,0,1
761,10020,2,2,2,0,0,0
762,10020,3,2,3,0,0,0
763,10020,3,3,2,0,0,0
766,10020,2,1,2,0,0,0
767,10020,2,2,3,0,0,0
768,10020,4,4,3,0,0,0
769,10020,4,3,4,0,0,0
770,10020,2,1,3,0,0,0
782,10023,2,1,1,0,0,0
783,10023,3,2,1,0,0,0
784,10023,3,2,2,0,0,0
785,10023,4,4,1,0,0,0
786,10023,3,3,1,0,0,0
791,10021,2,1,1,0,0,0
792,10021,4,3,1,0,0,0
793,10021,2,1,2,0,0,0
794,10021,4,3,2,0,0,0
841,10021,2,2,1,0,0,0
842,10021,2,2,1,0,0,0
843,10021,4,4,1,0,0,0
852,10019,2,1,2,1997,0,1
853,10019,2,1,2,0,0,0
855,10019,4,3,4,1997,0,1
861,10011,4,4,3,1997,2003,.5
863,10018,2,2,3,1997,2003,.5
866,10018,2,2,2,1997,2003,.5
867,10018,1,1,2,1997,2003,.5
868,10018,1,2,1,1997,2003,.5
869,10018,2,2,1,1997,2003,.5
870,10011,3,4,3,1997,2003,.5
872,10018,2,2,3,1997,2003,.5
873,10018,1,2,1,1997,2003,.5
874,10018,1,2,3,1997,2003,.5
876,10018,2,2,2,1997,2003,.5
877,10019,1,1,2,1997,2003,.5
879,10019,4,3,1,1997,2003,.5
880,10019,2,1,2,1997,2003,.5
881,10018,2,2,2,1997,2003,.5
883,10018,3,3,3,1997,2003,.5
884,10018,3,3,2,1997,2003,.5
885,10020,2,3,2,0,0,0
886,10018,3,3,2,1997,2003,.5
888,10019,2,2,2,1997,2003,.5
901,10017,3,2,3,0,0,0
902,10017,4,4,3,1997,0,1
903,10017,3,3,4,1997,0,1
904,10017,2,1,2,0,0,0
905,10017,3,3,3,1997,0,1
906,10017,2,2,1,0,0,0
907,10017,3,2,3,1997,0,1
908,10017,2,1,3,0,0,0
909,10017,3,4,3,0,0,0
921,10020,1,2,2,0,0,0
922,10020,2,3,2,0,0,0
923,10020,2,2,1,0,0,0
924,10020,1,1,3,0,0,0
925,10020,1,1,3,0,0,0
927,10020,2,3,1,0,0,0
928,10020,4,4,4,0,0,0
929,10020,3,3,2,0,0,0
931,10020,1,1,3,0,0,0
932,10020,1,1,1,0,0,0
934,10020,3,3,2,0,0,0
935,10020,1,2,1,0,0,0
936,10020,1,1,2,0,0,0
937,10020,1,2,1,0,0,0
938,10020,4,3,1,0,0,0
939,10020,4,4,4,0,0,0
940,10020,1,2,1,0,0,0
941,10020,2,2,1,0,0,0
942,10020,4,4,3,0,0,0
943,10020,1,2,3,0,0,0
944,10020,4,4,3,0,0,0
945,10020,2,2,3,0,0,0
946,10020,1,1,1,0,0,0
947,10020,1,1,1,0,0,0
948,10020,1,2,2,1997,2003,.5
951,10016,2,2,3,1997,0,1
952,10015,2,2,4,1997,0,1
953,10015,2,2,3,1997,0,1
954,10015,4,4,4,1997,0,1
955,10016,4,3,3,1997,0,1
956,10016,3,4,2,1997,0,1
957,10016,4,4,4,1997,0,1
958,10016,2,1,3,1997,0,1
959,10015,1,1,1,1997,0,1
960,10015,2,2,3,1997,0,1
971,10015,2,2,3,1998,2003,.5
972,10015,1,1,1,1997,0,1
973,10015,2,2,4,1997,0,1
975,10015,1,1,1,1998,2003,.5
976,10015,1,1,1,1997,0,1
977,10015,2,2,3,1997,0,1
979,10015,4,4,4,1997,0,1
980,10015,2,2,4,1997,0,1
981,10015,4,3,2,1998,2005,.5
982,10015,3,4,4,1997,0,1
983,10015,3,2,4,1998,2005,.5
985,10015,1,1,2,1997,0,1
987,10015,1,1,2,1998,2003,.5
988,10015,2,2,2,1997,0,1
989,10015,2,3,4,1997,0,1
990,10015,1,1,2,1998,2005,.5
991,10015,1,2,2,1998,2003,.5
992,10015,3,3,2,1998,2003,.5
993,10015,1,3,3,1997,0,1
995,10015,4,3,4,1998,2003,.5
996,10015,1,1,2,1998,2005,.5
1001,10029,1,1,1,0,0,0
1002,10029,4,3,1,0,0,0
1004,10029,3,2,1,0,0,0
1005,10029,3,2,4,0,0,0
1007,10029,1,1,1,0,0,0
1008,10029,4,3,3,0,0,0
1009,10028,4,4,3,1997,0,1
1010,10029,4,2,4,0,0,0
1021,10027,2,3,4,0,0,0
1022,10027,1,2,3,0,0,0
1023,10027,3,3,4,1997,0,1
1024,10026,4,4,4,1997,0,1
1025,10027,2,3,3,0,0,0
1026,10026,3,3,4,1997,0,1
1030,10027,4,4,4,0,0,0
1031,10027,4,4,3,1997,0,1
1032,10027,3,2,2,1997,0,1
1033,10026,3,3,3,1997,0,1
1037,10026,3,3,1,1997,0,1
1039,10027,2,1,1,1997,0,1
1040,10026,4,4,3,1997,0,1
1041,10027,2,2,1,0,0,0
1051,10026,4,4,2,1997,0,1
1052,10026,4,4,4,1997,0,1
1053,10026,4,4,4,1997,0,1
1054,10026,4,4,4,1997,0,1
1055,10026,3,4,3,1997,0,1
1056,10031,2,2,3,1997,0,1
1057,10026,1,3,1,1997,0,1
1058,10026,4,4,3,1997,0,1
1059,10026,4,4,3,1997,0,1
1061,10026,4,4,2,1997,0,1
1062,10026,4,3,4,1997,0,1
1063,10026,4,3,2,1997,0,1
1064,10026,2,2,2,1997,0,1
1065,10026,4,4,3,1997,0,1
1066,10026,2,1,2,1997,0,1
1067,10026,2,3,2,1997,0,1
1068,10031,3,4,2,0,0,0
1069,10031,4,3,2,1997,0,1
1081,10027,4,3,3,0,0,0
1082,10027,3,3,4,0,0,0
1083,10028,3,4,4,0,0,0
1084,10027,2,2,3,1997,0,1
1085,10027,3,3,1,0,0,0
1086,10028,3,3,3,0,0,0
1088,10026,2,3,3,1997,0,1
1089,10027,3,2,4,0,0,0
1091,10027,2,2,4,0,0,0
1093,10027,4,3,4,1997,0,1
1094,10027,4,4,3,1997,0,1
1095,10027,4,4,3,1997,0,1
1097,10027,3,3,3,0,0,0
1098,10028,4,3,3,1997,0,1
1099,10027,3,3,3,0,0,0
1100,10027,1,1,1,0,0,0
1102,10027,3,3,3,1997,0,1
1103,10027,4,4,3,0,0,0
1104,10027,4,3,4,2003,2005,.5
1107,10028,4,4,3,1997,0,1
1121,10028,1,2,2,0,0,0
1122,10028,2,3,2,1998,2005,.5
1123,10028,3,4,3,2003,2005,.5
1125,10028,4,3,3,2003,2005,.5
1126,10028,1,1,3,2003,2005,.5
1127,10028,2,3,3,0,0,0
1128,10028,3,2,3,0,0,0
1129,10028,1,1,4,0,0,0
1130,10028,2,3,3,0,0,0
1131,10028,2,2,4,1998,2005,.5
1132,10028,2,2,1,0,0,0
1135,10028,2,2,3,0,0,0
1136,10028,3,3,2,0,0,0
1137,10028,3,4,4,2003,2005,.5
1139,10070,3,3,1,1998,2005,.5
1140,10070,4,3,4,2003,2005,.5
1142,10070,2,2,4,1998,2005,.5
1143,10028,4,3,4,0,0,0
1145,10028,2,2,1,0,0,0
1146,10028,3,3,3,0,0,0
1147,10070,3,4,4,1998,2005,.5
1150,10028,3,3,3,0,0,0
1151,10028,4,4,3,0,0,0
1201,10030,4,4,4,0,0,0
1202,10030,3,4,1,0,0,0
1203,10030,2,2,1,0,0,0
1204,10030,1,3,4,0,0,0
1205,10030,3,3,3,0,0,0
1206,10030,4,4,2,0,0,0
1207,10030,3,4,2,0,0,0
1208,10030,2,2,2,0,0,0
1209,10030,2,2,3,0,0,0
1210,10030,1,1,1,0,0,0
1211,10030,1,1,1,0,0,0
1212,10030,1,1,1,0,0,0
1213,10030,4,4,4,0,0,0
1214,10030,2,2,4,0,0,0
1215,10030,2,2,1,0,0,0
1216,10030,2,2,1,0,0,0
1217,10030,2,3,1,0,0,0
1218,10030,2,1,1,0,0,0
1219,10030,1,1,1,0,0,0
1220,10030,2,1,2,0,0,0
1301,10032,4,4,3,1997,0,1
1311,10031,3,3,1,1997,0,1
1321,10033,4,3,3,1997,0,1
1322,10033,4,4,4,1997,0,1
1323,10033,4,4,4,1997,0,1
1331,10031,4,4,3,1997,0,1
1341,10033,4,4,4,1997,0,1
1342,10033,3,3,2,1997,0,1
1343,10032,1,1,1,0,0,0
1344,10033,4,4,4,1997,0,1
1345,10033,3,4,3,2001,0,1
1346,10033,4,4,3,1997,0,1
1347,10033,3,3,4,2001,0,1
1348,10032,2,2,1,2001,0,1
1349,10033,3,3,3,1997,0,1
1361,10032,1,1,2,1997,0,1
1362,10031,4,3,4,0,0,0
1363,10031,2,2,2,0,0,0
1364,10031,4,4,2,0,0,0
1365,10031,2,2,2,0,0,0
1366,10031,3,3,1,0,0,0
1367,10031,3,3,2,0,0,0
1368,10032,2,2,2,0,0,0
1369,10031,1,1,1,0,0,0
1370,10032,3,3,2,1997,0,1
1371,10031,2,1,2,1997,0,1
1372,10031,4,4,3,0,0,0
1373,10031,3,3,3,0,0,0
1374,10031,2,2,1,0,0,0
1375,10032,3,2,3,0,0,0
1401,10034,4,3,3,1997,0,1
1402,10035,4,3,2,0,0,0
1403,10034,3,3,3,0,0,0
1404,10034,4,3,2,1997,0,1
1405,10034,3,3,3,0,0,0
1406,10034,4,4,4,1997,0,1
1407,10034,4,4,3,1997,0,1
1501,10035,3,3,2,1997,0,1
1502,10035,4,3,3,1997,0,1
1503,10035,3,3,3,1997,0,1
1504,10035,2,3,2,1997,0,1
1505,10035,4,3,3,1997,0,1
1506,10035,3,3,1,1997,0,1
1507,10035,4,4,2,1997,0,1
1508,10035,3,3,4,1997,0,1
1509,10035,4,4,4,1997,0,1
1510,10035,4,4,3,1997,0,1
1511,10035,3,3,2,1997,0,1
1630,10036,4,4,4,0,0,0
1631,10037,4,3,4,0,0,0
1632,10036,4,4,3,0,0,0
1701,10038,4,4,4,1997,0,1
1702,10038,4,4,3,1997,0,1
1703,10038,4,4,3,1997,0,1
1704,10038,3,3,1,1997,0,1
1705,10038,3,3,4,1997,0,1
1706,10038,4,3,2,1997,0,1
1707,10038,4,4,4,1997,0,1
1708,10038,4,4,4,1997,0,1
1709,10038,4,4,3,1997,0,1
1710,10038,3,3,2,0,0,0
1711,10038,4,4,3,1997,0,1
2008,10093,1,1,1,1998,0,1
2009,10093,1,1,2,1998,0,1
2011,10093,2,1,1,1997,0,1
2016,10093,1,2,1,1997,0,1
2022,10093,1,1,1,1997,0,1
2025,10093,1,1,3,1998,0,1
2027,10093,1,1,3,1997,0,1
2029,10093,2,1,4,1997,0,1
2035,10093,1,1,2,1998,0,1
2038,10093,1,1,1,1998,0,1
2041,10093,2,3,2,1997,0,1
2043,10093,1,2,3,1998,0,1
2044,10093,2,2,1,1998,0,1
2045,10093,1,1,1,1997,0,1
2050,10093,2,1,3,1997,0,1
2051,10093,2,1,2,1997,0,1
2053,10093,4,3,4,1997,0,1
2054,10093,4,3,2,1998,0,1
2055,10093,2,1,1,1998,0,1
2061,10043,1,1,1,0,0,0
2063,10043,3,4,2,0,0,0
2066,10043,1,1,1,0,0,0
2067,10043,1,1,1,0,0,0
2068,10043,1,2,4,1997,0,1
2072,10043,1,1,2,0,0,0
2079,10043,1,1,1,1997,0,1
2086,10043,1,1,3,1997,0,1
2087,10043,2,1,2,0,0,0
2089,10043,1,1,1,0,0,0
2096,10043,4,4,2,1997,0,1
2097,10043,1,1,2,0,0,0
2099,10043,2,1,3,0,0,0
2102,10043,3,3,2,0,0,0
2111,10043,2,2,4,1997,0,1
2113,10043,2,1,1,0,0,0
2114,10043,2,1,2,1997,0,1
2115,10043,1,1,3,1997,0,1
2116,10043,1,1,1,1997,0,1
2121,10040,3,2,1,0,0,0
2122,10040,3,2,1,1997,0,1
2123,10040,1,1,4,1997,0,1
2124,10040,4,4,1,0,0,0
2125,10040,4,4,4,0,0,0
2128,10040,1,1,1,0,0,0
2129,10040,1,1,2,1997,0,1
2130,10040,1,1,2,0,0,0
2131,10040,1,1,1,1997,0,1
2134,10040,1,1,1,0,0,0
2135,10040,3,3,2,0,0,0
2137,10040,1,1,1,1997,0,1
2138,10040,2,1,1,0,0,0
2140,10040,3,3,1,1997,0,1
2143,10040,1,2,1,0,0,0
2145,10040,2,2,2,0,0,0
2147,10040,1,1,2,1997,0,1
2148,10040,3,3,1,0,0,0
2149,10040,3,2,3,1997,0,1
2152,10040,2,2,4,0,0,0
2153,10040,2,2,2,1997,0,1
2155,10040,2,1,1,0,0,0
2160,10040,2,2,1,0,0,0
2162,10040,2,1,3,0,0,0
2163,10040,3,2,1,0,0,0
2171,10039,1,1,2,1997,0,1
2173,10039,1,1,3,1997,0,1
2174,10039,3,4,2,1997,0,1
2175,10039,3,3,4,1997,0,1
2177,10039,1,1,2,1997,0,1
2183,10039,3,3,2,1997,0,1
2185,10039,1,1,1,1997,0,1
2186,10039,2,2,2,1997,0,1
2189,10039,2,2,4,1997,0,1
2194,10039,1,2,2,1997,0,1
2196,10039,4,4,2,1997,0,1
2197,10039,4,4,3,1997,0,1
2198,10039,4,4,3,1997,0,1
2200,10039,3,3,3,1997,0,1
2206,10039,4,4,4,1997,0,1
2208,10039,3,4,4,1997,0,1
2211,10039,2,2,3,1997,0,1
2213,10039,1,2,1,1997,0,1
2216,10039,1,1,1,1997,0,1
2217,10039,1,1,2,1997,0,1
2220,10039,3,2,2,1997,0,1
2221,10039,1,1,2,1997,0,1
2225,10039,1,2,1,1997,0,1
2226,10039,2,3,1,1997,0,1
2228,10039,4,4,4,1997,0,1
2230,10039,1,1,1,1997,0,1
2233,10039,3,2,3,1997,0,1
2234,10039,1,1,1,1997,0,1
2235,10039,2,2,1,1997,0,1
2236,10039,3,2,4,1997,0,1
2250,10042,3,3,4,1997,0,1
2254,10042,4,3,2,1997,0,1
2257,10042,3,4,4,1997,0,1
2258,10042,1,1,1,1997,0,1
2259,10042,2,2,1,1997,0,1
2260,10042,1,2,1,1997,0,1
2261,10042,1,2,1,1997,0,1
2262,10042,3,2,2,1997,0,1
2265,10042,4,4,3,1997,0,1
2266,10042,1,1,1,1997,0,1
2271,10042,2,4,2,1997,0,1
2272,10042,2,1,3,1997,0,1
2274,10042,2,4,3,1997,0,1
2275,10042,4,4,4,1997,0,1
2276,10042,2,2,2,1997,0,1
2278,10042,1,3,2,1997,0,1
2284,10042,3,2,2,1997,0,1
2291,10041,2,2,3,1997,0,1
2292,10041,1,2,2,1997,0,1
2293,10041,4,3,3,1997,0,1
2294,10041,2,2,2,1997,0,1
2295,10041,3,3,3,1997,0,1
2296,10041,2,2,1,1997,0,1
2299,10041,3,3,2,1997,0,1
2300,10041,2,1,1,1997,0,1
2301,10041,2,2,2,1997,0,1
2302,10041,3,2,3,1997,0,1
2303,10041,1,1,2,1997,0,1
2304,10041,2,1,3,1997,0,1
2305,10041,4,3,2,1997,0,1
2306,10041,4,4,2,1997,0,1
2307,10041,2,3,4,1997,0,1
2308,10041,2,2,2,1997,0,1
2309,10041,4,3,3,1997,0,1
2321,10043,3,2,2,0,0,0
2323,10043,2,3,1,0,0,0
2325,10043,4,3,4,0,0,0
2328,10043,2,3,4,0,0,0
2333,10043,2,2,4,0,0,0
2335,10043,1,1,1,0,0,0
2336,10043,2,1,2,0,0,0
2337,10043,1,1,2,0,0,0
2338,10043,1,1,2,0,0,0
2401,10044,4,4,3,1998,2005,.5
2402,10044,3,3,3,1998,2005,.5
2403,10044,3,3,3,1998,2005,.5
2404,10044,4,4,1,1998,2005,.5
2405,10044,3,4,2,1998,2005,.5
2406,10044,3,3,3,1998,2005,.5
2407,10044,4,4,4,1998,2005,.5
2408,10044,3,3,4,1998,2005,.5
2421,10045,2,2,2,1998,2003,.5
2422,10045,4,4,3,1998,2005,.5
2423,10045,1,1,1,1998,2003,.5
2424,10045,2,2,4,1998,2003,.5
2425,10045,2,2,4,1998,2005,.5
2426,10045,3,3,4,1998,2005,.5
2427,10045,2,2,3,1998,2003,.5
2428,10045,3,3,1,1998,2005,.5
2429,10045,2,3,4,1998,2003,.5
2445,10046,1,1,1,1997,0,1
2455,10046,2,1,2,1997,0,1
2456,10046,1,3,1,1997,0,1
2457,10046,2,2,3,1997,0,1
2461,10046,2,2,3,1997,0,1
2463,10046,1,2,1,1997,0,1
2464,10046,3,3,4,1997,0,1
2465,10046,3,2,2,1997,0,1
2471,10025,3,4,4,1997,0,1
2472,10025,2,2,2,1997,0,1
2473,10025,4,4,2,1997,0,1
2474,10025,2,3,1,1997,0,1
2475,10025,2,2,1,1997,0,1
2476,10025,3,3,1,1997,0,1
2477,10025,2,2,2,1997,0,1
2478,10025,2,1,1,1997,0,1
2479,10025,2,1,2,1997,0,1
2480,10025,2,1,2,1997,0,1
2481,10025,2,4,4,1997,0,1
2491,10044,1,1,1,1998,2005,.5
2492,10044,1,2,2,2003,2005,.5
2493,10044,3,3,3,1998,2005,.5
2495,10044,3,3,3,1998,2005,.5
2497,10044,3,3,3,1998,2005,.5
2498,10044,1,1,1,2003,2005,.5
2499,10044,2,2,2,1998,2005,.5
2500,10044,4,4,3,1998,2005,.5
2501,10044,2,3,3,1998,2005,.5
2502,10044,1,1,2,1998,2005,.5
2503,10044,3,3,3,1998,0,1
2511,10046,2,2,2,1997,0,1
2513,10046,4,4,3,1997,0,1
2514,10046,1,1,2,1997,0,1
2516,10046,3,3,4,1997,0,1
2517,10046,4,4,4,1997,0,1
2518,10046,3,4,4,1997,0,1
2519,10046,4,4,2,1997,0,1
2520,10046,1,1,1,1997,0,1
2523,10046,2,2,4,1997,0,1
2524,10046,1,1,1,1997,0,1
2525,10046,2,3,3,1997,0,1
2526,10046,3,4,4,1997,0,1
2527,10046,3,3,4,1997,0,1
2528,10046,2,3,3,1997,0,1
2529,10046,1,1,4,1997,0,1
2530,10046,2,2,4,1997,0,1
2532,10046,3,4,3,1997,0,1
2534,10046,4,4,4,1997,0,1
2535,10046,1,1,1,1997,0,1
2541,10046,1,1,2,1998,2003,.5
2542,10046,4,4,4,1997,0,1
2543,10024,4,4,4,1997,0,1
2544,10046,2,2,4,1997,0,1
2545,10046,2,2,3,1998,2003,.5
2546,10024,4,4,4,1997,0,1
2547,10046,2,2,3,1998,2003,.5
2548,10046,1,2,3,1998,2003,.5
2549,10046,1,1,1,1998,2003,.5
2550,10046,3,4,4,1998,2003,.5
2551,10046,2,1,3,1997,0,1
2553,10046,2,2,4,1998,2003,.5
2554,10046,3,3,2,1998,2003,.5
2555,10046,2,2,3,1998,2003,.5
2556,10046,4,4,4,1997,0,1
2571,10044,2,2,2,1998,2005,.5
2572,10044,4,4,4,1998,2005,.5
2573,10044,4,4,4,1998,2005,.5
2574,10044,2,3,2,1998,0,1
2575,10044,3,3,4,1998,2005,.5
2576,10044,3,3,4,1998,2005,.5
2578,10044,3,3,3,1998,2005,.5
2579,10044,4,4,3,1998,2005,.5
2580,10044,2,2,2,1998,2005,.5
2581,10044,4,4,3,1998,2005,.5
2582,10044,3,4,2,1998,2005,.5
2583,10044,4,4,4,2003,2005,.5
2584,10044,2,2,3,1998,2005,.5
2585,10044,1,1,1,1998,2005,.5
2586,10044,4,4,2,1998,2005,.5
2601,10046,4,4,3,1997,0,1
2611,10025,2,2,1,0,0,0
2612,10025,1,1,3,1998,2003,.5
2613,10025,4,4,4,1997,0,1
2614,10025,3,3,4,1997,0,1
2615,10025,2,3,3,1998,2003,.5
2616,10025,1,1,4,1997,0,1
2617,10025,1,1,3,0,0,0
2618,10025,1,1,2,1997,0,1
2619,10025,2,3,4,0,0,0
2620,10025,1,1,2,1997,0,1
2621,10025,3,3,4,1997,0,1
2622,10025,2,2,1,1997,0,1
2701,10047,4,4,4,1997,0,1
2702,10047,2,3,1,1997,0,1
2703,10047,4,3,2,1997,0,1
2761,10048,4,4,4,1997,0,1
2762,10048,4,4,3,1997,0,1
2763,10048,4,4,3,1997,0,1
2764,10048,3,4,3,1997,0,1
2765,10048,4,4,2,1997,0,1
2766,10048,4,4,3,1997,0,1
2767,10048,3,3,4,1997,0,1
2768,10048,3,4,4,1997,0,1
2769,10048,4,4,3,1997,0,1
2770,10048,4,4,4,1997,0,1
2771,10048,4,4,2,1997,0,1
2772,10048,2,2,2,1997,0,1
2773,10048,4,4,4,1997,0,1
2774,10048,2,3,4,1997,0,1
2775,10048,4,4,4,1997,0,1
2781,10025,2,2,1,1997,0,1
2782,10025,3,3,4,1997,0,1
2783,10025,1,1,1,1997,0,1
2784,10025,2,3,4,1997,0,1
2785,10025,3,3,4,1997,0,1
2786,10025,3,4,2,1997,0,1
2787,10025,4,4,1,1997,0,1
2788,10025,3,3,3,0,0,0
2789,10025,1,1,4,1997,0,1
2790,10025,1,1,1,0,0,0
2791,10025,2,2,1,1997,0,1
2792,10025,2,2,3,1997,0,1
2793,10025,3,4,3,1997,0,1
2821,10049,2,2,1,1997,0,1
2822,10048,3,3,3,1997,0,1
2823,10049,4,4,4,1997,0,1
2824,10049,4,4,4,1997,0,1
2825,10049,4,4,3,1997,0,1
2826,10049,2,2,2,1997,0,1
2827,10049,1,1,1,1997,0,1
2828,10049,4,4,4,1997,0,1
2829,10049,4,4,3,1997,0,1
2830,10049,1,1,1,1997,0,1
2831,10048,4,4,4,1997,0,1
2832,10049,1,1,1,1997,0,1
2833,10049,2,2,3,1997,0,1
2834,10049,2,3,4,1997,0,1
2841,10049,1,1,3,2003,2005,.5
2842,10049,3,4,3,1997,0,1
2843,10049,2,2,1,1998,2005,.5
2844,10049,1,1,2,1997,0,1
2845,10049,2,4,4,1997,0,1
2846,10049,4,4,2,1997,0,1
2847,10049,1,2,1,2003,2005,.5
2848,10049,1,1,1,1997,0,1
2849,10049,3,4,4,1997,0,1
2850,10049,1,1,1,1998,2005,.5
2851,10049,1,1,1,2003,2005,.5
2852,10049,2,2,4,1998,2005,.5
2853,10049,2,2,3,1997,0,1
2854,10049,1,2,1,1997,0,1
2855,10049,1,1,2,2003,2005,.5
2856,10049,3,3,3,1997,0,1
2857,10049,1,1,4,1997,0,1
2858,10049,1,1,4,2003,2005,.5
2859,10049,2,4,4,1997,0,1
2860,10049,1,2,4,2003,2005,.5
2861,10049,4,4,4,1997,0,1
2862,10049,1,2,4,2003,2005,.5
2863,10049,2,2,4,1997,0,1
2864,10049,2,2,1,1997,0,1
2865,10049,1,2,2,2003,2005,.5
2866,10049,1,1,4,1997,0,1
2867,10049,1,1,4,1997,0,1
2868,10049,1,1,1,2003,2005,.5
2869,10049,3,3,4,1997,0,1
2881,10049,1,3,1,1997,0,1
2882,10049,1,2,4,1998,2005,.5
2883,10049,2,3,4,1997,0,1
2884,10049,2,2,3,1998,2005,.5
2885,10049,2,3,2,1998,2005,.5
2886,10049,3,3,4,1997,0,1
2887,10049,1,1,1,1997,0,1
2888,10049,2,2,2,1998,2005,.5
2889,10049,1,2,1,1997,0,1
2890,10049,1,3,4,1997,0,1
2891,10049,3,4,4,1997,0,1
2892,10049,3,4,4,1997,0,1
2893,10049,3,3,3,1997,0,1
2894,10049,1,2,3,1997,0,1
2895,10049,3,4,4,1997,0,1
2901,10050,2,2,2,0,0,0
2903,10050,2,2,4,0,0,0
2904,10050,3,3,4,0,0,0
2914,10050,1,1,2,0,0,0
2915,10050,2,2,1,0,0,0
2917,10050,2,2,2,0,0,0
2919,10050,1,1,4,0,0,0
2920,10050,4,3,3,0,0,0
2931,10050,1,2,1,0,0,0
2932,10050,4,4,4,0,0,0
2933,10050,2,2,4,1997,0,1
2936,10050,1,1,3,0,0,0
2937,10050,4,4,4,0,0,0
2938,10050,2,1,2,1997,0,1
2939,10050,4,4,3,0,0,0
2951,10050,1,1,3,0,0,0
2952,10050,3,3,3,0,0,0
2953,10050,1,1,2,0,0,0
2961,10050,1,1,3,0,0,0
2962,10050,1,1,1,0,0,0
2963,10050,3,3,3,0,0,0
2964,10050,4,4,4,0,0,0
2971,10050,3,2,3,0,0,0
2972,10050,1,1,3,0,0,0
2973,10050,2,2,4,0,0,0
2974,10050,3,2,3,0,0,0
3001,10051,4,4,4,2000,0,1
3002,10051,2,2,2,2000,0,1
3003,10051,2,3,3,2000,0,1
3004,10051,2,2,2,2000,0,1
3005,10051,2,2,2,2000,0,1
3006,10051,3,3,2,2000,0,1
3007,10051,3,3,2,2000,0,1
3021,10051,3,4,3,2000,0,1
3022,10051,3,3,2,2000,0,1
3023,10051,3,3,2,2000,0,1
3024,10051,4,4,2,2000,0,1
3025,10051,3,4,1,2000,0,1
3031,10051,2,3,3,2000,0,1
3032,10051,4,4,3,2000,0,1
3033,10051,2,3,2,2000,0,1
3034,10051,3,4,4,2000,0,1
3035,10051,1,2,2,2000,0,1
3036,10051,2,3,4,2000,0,1
3037,10051,4,4,4,2000,0,1
3038,10051,3,4,4,2000,0,1
3101,10052,4,4,3,2000,0,1
3102,10052,3,2,2,2000,0,1
3103,10052,3,2,2,2000,0,1
3104,10052,2,1,3,2000,0,1
3105,10052,3,3,1,2000,0,1
3111,10051,3,3,4,2000,0,1
3201,10053,2,1,3,2000,0,1
3202,10053,2,2,2,2000,0,1
3203,10053,4,4,3,2000,0,1
3204,10053,4,4,4,2000,0,1
3211,10053,1,1,2,2000,0,1
3212,10053,2,2,2,2000,0,1
3213,10053,4,4,4,2000,0,1
3214,10053,3,2,3,2000,0,1
3215,10053,4,4,2,2000,0,1
3216,10053,4,3,4,2000,0,1
3217,10078,4,4,4,2000,0,1
3218,10053,3,4,4,2000,0,1
3219,10053,2,2,3,2000,0,1
3231,10054,4,4,4,0,0,0
3232,10054,4,4,4,0,0,0
3233,10054,4,4,4,0,0,0
3234,10054,4,4,4,0,0,0
3235,10053,4,4,4,2000,0,1
3236,10053,4,4,3,2000,0,1
3237,10053,4,4,4,2000,0,1
3238,10054,4,4,4,0,0,0
3251,10054,4,4,4,2000,0,1
3252,10054,2,2,3,2000,0,1
3253,10054,3,3,2,2000,0,1
3254,10054,4,3,4,2001,0,1
3255,10054,3,3,3,0,0,0
3256,10054,4,4,4,2001,0,1
3271,10055,4,4,3,2001,0,1
3272,10055,3,3,4,2001,0,1
3273,10055,4,4,3,2001,0,1
3274,10055,4,3,4,2001,0,1
3275,10055,4,4,4,2001,0,1
3276,10055,4,3,4,2001,0,1
3291,10056,4,4,3,2000,0,1
3292,10056,4,3,3,0,0,0
3293,10056,4,3,3,2001,0,1
3294,10056,3,3,1,2000,0,1
3295,10056,3,2,3,0,0,0
3296,10056,4,4,3,2001,0,1
3297,10056,4,3,3,2001,0,1
3298,10056,4,3,3,0,0,0
3311,10056,3,2,1,0,0,0
3312,10057,3,2,2,2001,0,1
3313,10057,4,3,4,2001,0,1
3315,10057,3,3,4,2001,0,1
3316,10056,3,3,2,0,0,0
3338,10057,4,4,4,1997,0,1
3339,10057,4,4,4,2001,0,1
3340,10057,4,4,3,1997,0,1
3341,10057,3,3,3,2001,0,1
3342,10057,4,3,4,2001,0,1
3352,10058,4,3,4,0,0,0
3359,10058,4,3,1,2001,0,1
3360,10058,4,3,2,0,0,0
3372,10058,2,2,1,0,0,0
3374,10058,3,4,3,0,0,0
3375,10058,2,3,3,0,0,0
3378,10058,4,3,2,2000,0,1
3379,10058,4,4,4,0,0,0
3392,10059,4,4,3,0,0,0
3393,10059,3,2,4,0,0,0
3394,10058,3,2,2,0,0,0
3395,10058,4,3,3,0,0,0
3401,10053,4,4,4,2000,0,1
3402,10053,4,4,4,2000,0,1
3405,10059,3,3,4,0,0,0
3407,10059,4,3,4,2000,0,1
3408,10059,4,4,4,2000,0,1
3422,10053,3,2,3,2000,0,1
3423,10059,3,2,4,2000,0,1
3424,10059,4,4,4,2000,0,1
3426,10059,4,3,3,0,0,0
3427,10059,4,4,3,0,0,0
3441,10053,3,4,4,2000,0,1
3442,10053,4,3,3,2000,0,1
3443,10053,4,4,3,2000,0,1
3444,10053,3,2,4,2000,0,1
3506,10064,4,3,1,2000,0,1
3513,10064,2,1,2,2000,0,1
3514,10064,1,3,1,0,0,0
3542,10064,3,2,2,0,0,0
3543,10064,4,2,1,0,0,0
3544,10064,3,2,2,0,0,0
3551,10068,3,3,2,0,0,0
3561,10068,4,3,2,0,0,0
3572,10066,2,2,1,0,0,0
3575,10066,3,3,1,2000,0,1
3581,10066,1,2,1,0,0,0
3582,10066,2,3,1,0,0,0
3603,10066,3,3,1,0,0,0
3618,10066,3,2,2,0,0,0
3619,10066,4,3,1,0,0,0
3633,10065,1,3,2,2000,0,1
3637,10065,2,3,1,2000,0,1
3638,10065,2,3,1,0,0,0
3640,10065,2,2,2,0,0,0
3661,10065,3,2,2,0,0,0
3662,10065,1,1,2,0,0,0
3663,10065,1,1,2,0,0,0
3668,10065,4,4,2,0,0,0
3669,10065,1,1,2,0,0,0
3670,10065,1,1,1,0,0,0
3672,10066,2,1,1,0,0,0
3673,10065,2,1,1,2000,0,1
3681,10065,1,1,1,0,0,0
3691,10065,1,1,1,0,0,0
3693,10065,1,1,1,0,0,0
3694,10065,2,2,1,0,0,0
3695,10065,1,1,1,0,0,0
3701,10065,3,2,1,0,0,0
3703,10065,1,1,1,0,0,0
3705,10065,1,2,2,0,0,0
3707,10065,1,1,1,0,0,0
3708,10065,1,1,1,0,0,0
3711,10065,1,1,1,0,0,0
3712,10065,2,2,1,0,0,0
3713,10065,1,1,1,0,0,0
3721,10060,3,4,4,2000,0,1
3722,10060,4,4,4,2000,0,1
3723,10060,3,3,3,2000,0,1
3731,10060,2,3,3,2000,0,1
3732,10066,4,4,1,2000,0,1
3733,10060,2,2,2,2000,0,1
3734,10066,2,2,1,2000,0,1
3746,10067,3,2,2,0,0,0
3752,10067,3,4,1,0,0,0
3762,10067,4,3,1,0,0,0
3764,10067,2,1,2,0,0,0
3781,10068,2,3,1,0,0,0
3782,10068,3,3,2,0,0,0
3783,10068,1,2,2,0,0,0
3784,10068,4,4,1,0,0,0
3785,10068,2,2,1,0,0,0
3786,10068,4,4,2,0,0,0
3787,10068,4,4,1,0,0,0
3788,10068,2,2,2,0,0,0
3789,10068,3,4,1,0,0,0
3790,10068,3,3,1,0,0,0
3791,10068,3,3,1,0,0,0
3792,10068,3,3,2,0,0,0
3804,10069,1,1,1,0,0,0
3805,10069,1,3,2,0,0,0
3808,10069,1,1,1,0,0,0
3810,10069,1,1,1,0,0,0
3821,10069,2,1,3,0,0,0
3822,10069,3,2,2,0,0,0
3823,10069,1,1,1,0,0,0
3831,10069,2,2,4,0,0,0
3832,10069,3,3,3,0,0,0
3834,10069,3,3,1,0,0,0
3835,10069,2,2,4,0,0,0
3837,10069,1,1,1,0,0,0
3847,10067,3,3,2,0,0,0
3851,10062,4,4,1,0,0,0
3861,10061,2,2,2,0,0,0
3862,10061,1,1,1,0,0,0
3863,10061,2,2,2,0,0,0
3871,10061,4,3,2,0,0,0
3881,10061,1,1,2,0,0,0
3882,10061,3,4,2,0,0,0
3891,10061,2,1,2,0,0,0
3901,10060,4,4,2,2000,0,1
3911,10064,3,2,1,2000,0,1
3921,10063,4,3,1,2000,0,1
3926,10063,1,1,4,2000,0,1
3932,10063,1,2,1,2000,0,1
3941,10060,2,3,4,2000,0,1
3945,10060,3,3,4,2000,0,1
3946,10060,3,2,2,2000,0,1
3947,10060,3,3,2,2000,0,1
3951,10060,1,1,2,2000,0,1
3952,10060,2,2,3,2000,0,1
3953,10060,3,3,4,2000,0,1
3954,10060,3,3,3,2000,0,1
3955,10060,4,4,2,2000,0,1
3961,10061,3,3,4,2000,0,1
3962,10061,4,3,1,0,0,0
3972,10061,3,3,4,2000,0,1
3981,10066,3,2,1,0,0,0
3982,10066,3,3,3,0,0,0
3983,10066,1,1,1,0,0,0
3985,10066,2,2,1,0,0,0
3986,10066,3,2,1,0,0,0
3987,10066,3,3,1,0,0,0
3988,10066,3,2,1,0,0,0
4001,10070,4,4,3,1998,0,1
4002,10070,2,2,1,1998,0,1
4003,10070,4,4,3,1998,0,1
4004,10070,2,2,4,1998,0,1
4005,10070,3,3,2,1998,0,1
4006,10070,4,4,4,1998,0,1
4007,10070,3,3,4,2003,2005,.5
4008,10070,3,3,1,1998,0,1
4009,10070,3,3,3,2003,2005,.5
4010,10070,4,4,4,1998,0,1
4012,10070,4,4,3,1998,0,1
4013,10070,4,4,4,1998,0,1
4021,10072,4,4,4,1998,0,1
4022,10073,3,4,1,1998,0,1
4023,10073,4,4,4,1998,0,1
4024,10072,3,3,2,1998,0,1
4026,10072,3,3,2,1998,0,1
4027,10072,3,3,3,1998,0,1
4028,10072,1,1,3,1998,0,1
4029,10072,3,3,4,1998,0,1
4030,10072,3,4,4,1998,0,1
4031,10073,2,3,3,1998,0,1
4032,10073,4,4,4,1998,0,1
4033,10073,4,4,3,1998,0,1
4034,10072,4,4,3,1998,0,1
4035,10073,3,4,4,1998,0,1
4037,10073,3,3,3,1998,0,1
4038,10072,4,4,2,1998,0,1
4039,10073,3,3,4,1998,0,1
4040,10072,4,4,3,1998,0,1
4041,10073,3,3,4,1998,0,1
4042,10072,4,4,4,1998,0,1
4044,10072,4,3,4,1998,0,1
4045,10072,4,4,3,1998,0,1
4046,10073,2,2,3,1998,0,1
4047,10072,4,4,3,1998,0,1
4048,10072,4,4,4,1998,0,1
4049,10072,3,3,2,1998,0,1
4061,10073,2,2,4,1998,0,1
4062,10073,3,4,2,1998,0,1
4063,10073,4,4,3,1998,0,1
4064,10074,2,3,3,1998,0,1
4065,10074,4,4,4,1998,0,1
4066,10073,2,3,4,1998,0,1
4067,10073,2,3,3,1998,0,1
4068,10074,3,4,2,1998,0,1
4071,10073,2,3,4,1998,0,1
4072,10073,3,4,3,1998,0,1
4073,10073,2,3,2,1998,0,1
4074,10073,2,2,2,1998,0,1
4075,10073,3,3,4,1998,0,1
4076,10074,3,3,3,1998,0,1
4077,10073,2,2,3,1998,0,1
4078,10074,1,1,3,1998,0,1
4079,10073,2,3,4,1998,0,1
4080,10074,4,4,3,1998,0,1
4081,10073,3,3,4,1998,0,1
4082,10074,4,4,4,1998,0,1
4083,10073,3,3,3,1998,0,1
4084,10073,1,3,4,1998,0,1
4091,10071,2,1,4,1998,0,1
4092,10071,4,4,4,1998,0,1
4093,10071,2,3,4,1998,0,1
4094,10075,2,2,1,1998,0,1
4095,10071,4,4,3,1998,0,1
4096,10075,1,1,3,1998,0,1
4097,10075,1,2,2,1998,0,1
4099,10071,1,2,1,1998,0,1
4100,10071,3,3,2,1998,0,1
4104,10071,4,4,4,1998,0,1
4105,10071,1,1,4,1998,0,1
4106,10071,1,1,2,1998,0,1
4107,10071,2,1,3,1998,0,1
4110,10071,2,3,4,1998,0,1
4111,10071,2,2,4,1998,0,1
4112,10071,1,2,2,1998,0,1
4114,10071,4,4,3,1998,0,1
4117,10071,2,2,1,1998,0,1
4120,10071,3,3,4,1998,0,1
4121,10071,3,3,2,1998,0,1
4122,10071,2,1,1,1998,0,1
4123,10071,4,4,1,1998,0,1
4124,10071,2,1,2,1998,0,1
4125,10071,3,3,3,1998,0,1
4131,10070,3,3,4,0,0,0
4132,10070,2,2,4,0,0,0
4133,10070,2,4,4,0,0,0
4134,10070,3,3,2,1998,0,1
4135,10070,3,3,3,2003,2005,.5
4136,10070,2,3,3,2003,2005,.5
4137,10070,2,3,4,0,0,0
4138,10070,2,2,4,1998,0,1
4139,10070,4,4,2,0,0,0
4140,10070,3,3,3,2003,2005,.5
4141,10070,4,4,4,0,0,0
4142,10070,2,2,2,2003,2005,.5
4143,10070,2,2,4,2003,2005,.5
4144,10070,4,4,3,2003,2005,.5
4145,10070,3,4,2,1998,0,1
4146,10070,4,4,4,2003,2005,.5
4147,10070,3,3,2,2003,2005,.5
4161,10075,3,3,4,1998,0,1
4163,10075,4,4,4,1998,0,1
4164,10075,2,1,3,1998,0,1
4165,10075,3,3,2,1998,0,1
4166,10075,2,2,2,1998,0,1
4167,10075,2,1,4,1998,0,1
4169,10075,3,3,4,1998,0,1
4170,10075,4,4,2,1998,0,1
4172,10075,3,3,4,1998,0,1
4173,10075,1,1,1,1998,0,1
4175,10075,2,2,1,1998,0,1
4176,10075,2,3,4,1998,0,1
4177,10075,4,4,4,1998,0,1
4179,10075,1,1,2,1998,0,1
4181,10075,2,2,2,1998,0,1
4182,10075,2,2,3,1998,0,1
4183,10075,2,2,4,1998,0,1
4184,10075,3,2,4,1998,0,1
4191,10070,1,2,2,1998,0,1
4192,10070,2,3,2,1998,0,1
4193,10071,3,4,2,1998,0,1
4194,10074,3,4,3,1998,0,1
4195,10070,3,3,4,1998,0,1
4196,10070,3,4,3,1998,0,1
4197,10070,2,3,4,1998,0,1
4198,10074,3,3,4,1998,0,1
4199,10070,3,4,3,1998,0,1
4200,10070,4,4,4,1998,0,1
4201,10070,4,4,3,1998,0,1
4202,10070,3,3,4,1998,0,1
4203,10070,4,4,4,1998,0,1
4204,10070,4,4,4,1998,0,1
4205,10074,3,3,1,1998,0,1
4206,10070,4,4,4,1998,0,1
4207,10070,4,4,1,1998,0,1
4208,10070,3,3,4,1998,0,1
4209,10070,4,4,4,1998,0,1
4210,10070,3,3,2,1998,0,1
4221,10074,1,2,3,1997,0,1
4222,10074,2,1,3,1998,0,1
4223,10074,2,2,3,0,0,0
4224,10074,2,2,2,0,0,0
4226,10074,1,2,2,1998,0,1
4227,10074,2,2,4,1998,0,1
4228,10074,3,3,4,1998,0,1
4229,10074,2,3,4,1998,0,1
4230,10074,2,2,2,0,0,0
4231,10074,1,1,3,1997,0,1
4232,10074,1,1,1,0,0,0
4233,10074,1,2,1,1998,0,1
4234,10074,3,3,4,0,0,0
4235,10074,2,2,3,0,0,0
4236,10074,4,4,4,1998,0,1
4237,10074,2,2,4,1997,0,1
4238,10074,2,3,1,1998,0,1
4239,10074,4,3,4,0,0,0
4240,10074,2,2,3,1998,0,1
4251,10075,2,2,2,0,0,0
4252,10075,4,4,3,1997,0,1
4253,10075,3,2,2,1997,0,1
4254,10075,4,4,2,1997,0,1
4255,10075,2,2,2,1997,0,1
4256,10075,2,2,2,1998,0,1
4257,10075,1,2,2,1997,0,1
4258,10075,4,4,3,1997,0,1
4259,10075,1,1,2,1998,0,1
4260,10075,4,4,4,1998,0,1
4261,10075,3,4,3,1997,0,1
4262,10075,2,2,1,1998,0,1
4263,10075,2,2,4,1997,0,1
4264,10075,1,1,1,1997,0,1
4271,10070,4,4,4,1998,2005,.5
4272,10070,2,2,2,2003,2005,.5
4273,10070,2,2,3,2003,2005,.5
4274,10070,3,2,3,2003,2005,.5
4275,10070,2,3,4,2003,2005,.5
4276,10070,4,3,3,2003,2005,.5
4277,10070,2,3,4,2003,2005,.5
4279,10070,3,3,4,1998,2005,.5
4280,10070,4,4,3,1998,2005,.5
4281,10070,2,2,4,2003,2005,.5
4282,10070,4,4,3,1998,2005,.5
4283,10070,4,4,3,1998,2005,.5
4284,10070,2,2,3,2003,2005,.5
4285,10070,4,4,2,1998,2005,.5
4286,10070,2,2,3,2003,2005,.5
4287,10070,3,3,3,1998,2005,.5
4288,10070,1,1,4,2003,2005,.5
4289,10070,4,4,4,1998,2005,.5
4301,10071,1,1,3,1998,0,1
4302,10071,1,1,3,1998,0,1
4303,10071,4,4,2,1998,0,1
4304,10071,4,4,3,1998,0,1
4305,10071,3,3,3,1998,0,1
4306,10071,2,2,4,1998,0,1
4307,10071,2,2,3,1998,0,1
4308,10071,2,4,3,1998,0,1
4309,10071,3,3,3,1998,0,1
4310,10071,3,4,3,1998,0,1
4311,10071,3,3,2,1998,0,1
4312,10071,3,3,3,1998,0,1
4313,10071,3,3,4,1998,0,1
4314,10071,2,2,4,1998,0,1
4315,10071,2,2,4,1998,0,1
4316,10071,1,1,1,1998,0,1
4317,10071,1,2,1,1998,0,1
4318,10071,3,3,1,1998,0,1
4319,10071,2,2,1,1998,0,1
4320,10071,2,2,4,1998,0,1
4322,10071,1,2,2,1998,0,1
4323,10071,4,4,3,1998,0,1
4401,10078,4,4,4,2000,0,1
4406,10078,2,3,3,0,0,0
4411,10078,4,3,4,2000,0,1
4416,10078,3,4,3,2000,0,1
4421,10053,4,4,2,2000,0,1
4426,10078,2,2,4,0,0,0
4431,10078,3,3,4,2000,0,1
4436,10078,4,4,4,2000,0,1
4441,10078,2,2,2,2000,0,1
4446,10078,2,4,4,2000,0,1
4451,10078,2,2,2,2000,0,1
4461,10078,4,4,4,2000,0,1
4471,10078,4,4,3,2000,0,1
4476,10078,4,3,3,2000,0,1
4486,10078,2,2,3,2000,0,1
4495,10078,1,1,2,2000,0,1
4501,10076,3,3,4,2000,0,1
4506,10076,4,4,3,0,0,0
4511,10078,2,2,3,2000,0,1
4536,10077,3,2,3,1997,0,1
4545,10077,4,4,4,0,0,0
4546,10077,3,2,4,1997,0,1
4551,10076,4,3,4,1997,0,1
4561,10076,4,4,4,1997,0,1
4566,10076,4,4,3,1997,0,1
4571,10076,3,3,4,1997,0,1
4590,10076,2,1,2,1997,0,1
4591,10076,3,3,4,1997,0,1
4601,10076,2,2,2,1997,0,1
4606,10076,2,2,1,1997,0,1
4611,10076,2,2,4,1997,0,1
4616,10076,2,1,1,1997,0,1
4621,10076,2,2,2,1997,0,1
4641,10077,3,3,3,0,0,0
4643,10077,2,3,4,0,0,0
4646,10077,3,3,3,0,0,0
4651,10077,2,4,1,0,0,0
4656,10077,3,3,4,0,0,0
4666,10077,3,2,3,0,0,0
4671,10077,4,4,3,0,0,0
4681,10077,1,1,2,0,0,0
4683,10077,3,3,3,0,0,0
4691,10077,4,4,1,0,0,0
4696,10077,4,3,3,0,0,0
4701,10077,2,2,3,0,0,0
4711,10059,3,3,3,0,0,0
4716,10059,2,3,4,0,0,0
4721,10059,3,3,4,1997,0,1
4723,10059,1,1,1,0,0,0
4724,10059,3,4,4,1997,0,1
4726,10059,3,2,2,0,0,0
4741,10059,2,2,2,1997,0,1
4746,10059,4,4,4,0,0,0
4751,10059,3,4,2,0,0,0
4756,10076,1,1,1,0,0,0
4761,10059,4,4,4,0,0,0
4776,10059,3,3,4,0,0,0
4781,10059,4,3,4,1997,0,1
4786,10059,2,3,2,0,0,0
4791,10059,2,1,1,0,0,0
4801,10077,3,4,2,0,0,0
4806,10077,3,2,2,0,0,0
4811,10076,2,1,1,1997,0,1
4816,10076,3,2,2,0,0,0
4821,10076,3,2,2,1997,0,1
4826,10077,2,3,2,0,0,0
4831,10076,3,3,3,0,0,0
4841,10076,3,3,2,1997,0,1
4846,10076,1,2,2,0,0,0
4851,10077,3,3,3,0,0,0
4864,10077,4,4,4,0,0,0
4871,10077,3,2,4,1997,0,1
4881,10076,3,2,2,0,0,0
4891,10076,3,3,4,0,0,0
4901,10076,2,2,2,0,0,0
4911,10076,4,3,3,0,0,0
4921,10076,3,2,4,0,0,0
4941,10076,3,3,3,0,0,0
4946,10076,4,4,3,0,0,0
4951,10076,3,2,3,0,0,0
5001,10081,3,3,3,0,0,0
5002,10081,4,4,2,0,0,0
5003,10081,3,3,4,1997,0,1
5009,10082,2,2,4,1997,0,1
5010,10081,2,3,3,0,0,0
5017,10081,4,4,4,1997,0,1
5048,10079,3,2,3,0,0,0
5049,10079,3,1,3,0,0,0
5050,10079,2,1,2,0,0,0
5061,10079,4,3,3,0,0,0
5063,10079,1,1,2,0,0,0
5064,10079,3,3,4,0,0,0
5071,10079,1,2,1,0,0,0
5072,10079,4,2,1,0,0,0
5073,10079,2,1,4,0,0,0
5076,10079,1,1,3,0,0,0
5077,10079,2,1,1,0,0,0
5078,10079,2,2,3,0,0,0
5079,10079,3,2,4,0,0,0
5091,10080,4,4,1,0,0,0
5095,10080,1,1,1,0,0,0
5096,10080,1,2,1,0,0,0
5097,10080,4,4,2,0,0,0
5102,10080,1,2,1,0,0,0
5105,10080,1,1,1,0,0,0
5108,10080,4,4,4,0,0,0
5112,10080,3,4,4,0,0,0
5113,10080,4,4,3,0,0,0
5115,10080,4,4,4,0,0,0
5117,10080,1,1,1,0,0,0
5118,10080,4,4,3,0,0,0
5120,10080,4,4,2,0,0,0
5121,10080,3,4,1,0,0,0
5125,10080,2,2,2,0,0,0
5129,10080,1,1,1,0,0,0
5131,10080,4,3,4,0,0,0
5135,10080,1,1,2,0,0,0
5136,10080,2,1,1,0,0,0
5138,10080,3,2,4,0,0,0
5141,10082,4,4,4,1997,0,1
5143,10082,1,1,1,1997,0,1
5144,10083,2,2,2,1997,0,1
5146,10082,1,1,1,1997,0,1
5148,10082,3,4,4,1997,0,1
5149,10082,2,2,2,1997,0,1
5151,10082,4,4,4,1997,0,1
5154,10083,2,3,1,1997,0,1
5160,10083,2,3,1,0,0,0
5161,10082,2,3,1,1997,0,1
5162,10082,4,4,4,1997,0,1
5167,10082,3,4,3,1997,0,1
5171,10082,4,4,3,1997,0,1
5176,10082,3,4,1,1997,0,1
5178,10082,3,4,4,1997,0,1
5180,10082,2,2,1,1997,0,1
5181,10082,1,2,2,1997,0,1
5186,10082,3,4,2,1997,0,1
5187,10082,3,4,2,1997,0,1
5189,10082,4,4,4,1997,0,1
5192,10082,4,4,2,1997,0,1
5193,10082,3,3,2,1997,0,1
5194,10082,4,4,3,1997,0,1
5195,10083,2,3,2,1997,0,1
5196,10082,4,4,3,1997,0,1
5197,10083,3,3,2,1997,0,1
5198,10082,3,4,2,1997,0,1
5199,10082,4,4,4,1997,0,1
5200,10082,1,1,1,1997,0,1
5202,10082,3,3,4,1997,0,1
5203,10082,2,3,1,1997,0,1
5205,10082,3,4,3,1997,0,1
5206,10082,2,3,2,1997,0,1
5207,10082,2,2,1,1997,0,1
5208,10082,2,2,1,1997,0,1
5210,10082,4,4,1,1997,0,1
5212,10082,2,2,3,1997,0,1
5213,10082,3,4,2,1997,0,1
5214,10082,3,4,1,1997,0,1
5216,10082,2,1,1,1997,0,1
5219,10083,2,2,2,1997,0,1
5221,10082,3,4,1,1997,0,1
5222,10082,2,2,2,1997,0,1
5225,10082,3,4,1,1997,0,1
5226,10082,4,4,3,1997,0,1
5227,10082,4,4,3,1997,0,1
5230,10082,1,1,1,1997,0,1
5231,10082,3,4,3,1997,0,1
5233,10082,1,2,1,1997,0,1
5236,10082,1,1,4,1997,0,1
5237,10082,1,1,1,1997,0,1
5238,10082,4,2,2,1997,0,1
5242,10083,4,4,3,0,0,0
5249,10083,3,3,3,0,0,0
5250,10083,4,4,2,0,0,0
5251,10083,3,3,2,0,0,0
5254,10083,4,4,4,1997,0,1
5257,10083,4,4,3,0,0,0
5260,10083,4,4,4,0,0,0
5263,10083,3,4,3,1997,0,1
5266,10083,4,4,4,0,0,0
5268,10083,3,2,2,0,0,0
5269,10083,2,1,3,0,0,0
5281,10079,4,4,3,0,0,0
5287,10079,4,2,2,0,0,0
5304,10080,1,3,2,0,0,0
5307,10080,1,1,1,0,0,0
5309,10080,1,1,1,0,0,0
5310,10080,3,2,2,0,0,0
5315,10080,1,1,1,0,0,0
5317,10080,3,2,1,0,0,0
5323,10080,2,1,1,0,0,0
5324,10080,3,3,4,0,0,0
5396,10080,3,3,2,0,0,0
5397,10080,3,2,1,0,0,0
5398,10080,4,3,3,0,0,0
5401,10088,4,4,3,0,0,0
5402,10088,4,3,3,0,0,0
5403,10088,1,1,1,0,0,0
5404,10088,1,1,1,0,0,0
5405,10088,2,1,1,0,0,0
5406,10088,2,2,1,0,0,0
5407,10088,4,4,1,0,0,0
5408,10088,2,1,2,0,0,0
5409,10088,4,2,1,0,0,0
5410,10088,2,1,1,0,0,0
5411,10088,3,2,1,0,0,0
5412,10088,2,3,1,0,0,0
5413,10088,2,2,1,0,0,0
5414,10088,4,4,4,0,0,0
5415,10088,2,1,2,0,0,0
5421,10085,3,3,4,0,0,0
5422,10085,4,4,4,0,0,0
5423,10085,1,1,2,0,0,0
5424,10085,1,1,1,0,0,0
5425,10085,3,2,2,0,0,0
5426,10085,1,1,1,0,0,0
5427,10085,1,1,1,0,0,0
5428,10085,3,3,1,0,0,0
5429,10085,1,1,2,0,0,0
5430,10085,1,1,2,0,0,0
5431,10085,1,1,3,0,0,0
5432,10085,1,1,1,0,0,0
5434,10085,2,1,2,0,0,0
5435,10085,1,1,2,0,0,0
5436,10085,1,2,2,0,0,0
5437,10085,1,1,1,0,0,0
5451,10042,4,3,3,1997,0,1
5456,10042,2,1,1,1997,0,1
5458,10042,1,1,2,1997,0,1
5464,10042,3,1,2,1997,0,1
5471,10090,1,1,1,1998,0,1
5472,10090,1,1,3,0,0,0
5473,10090,2,3,2,0,0,0
5474,10090,1,1,2,0,0,0
5475,10090,1,1,1,0,0,0
5476,10090,1,1,1,0,0,0
5477,10090,3,3,1,0,0,0
5478,10090,1,1,1,0,0,0
5479,10090,1,1,1,0,0,0
5480,10090,3,3,1,0,0,0
5481,10090,1,1,2,1998,0,1
5482,10090,3,3,4,0,0,0
5483,10090,1,2,1,1998,0,1
5484,10090,2,3,3,0,0,0
5485,10090,1,1,3,0,0,0
5486,10090,2,2,2,0,0,0
5487,10090,1,1,1,0,0,0
5488,10090,1,1,3,0,0,0
5489,10090,4,4,4,0,0,0
5490,10090,1,1,1,0,0,0
5491,10090,1,1,1,0,0,0
5492,10090,2,1,2,0,0,0
5493,10090,1,1,1,1998,0,1
5494,10090,2,2,4,0,0,0
5495,10090,4,4,4,0,0,0
5496,10090,2,3,4,0,0,0
5497,10090,3,4,1,1998,0,1
5498,10090,3,3,2,1998,0,1
5499,10090,1,2,2,0,0,0
5500,10090,1,2,2,0,0,0
5501,10090,1,1,1,0,0,0
5503,10090,2,1,3,0,0,0
5511,10090,2,2,2,1998,0,1
5512,10090,2,2,2,1998,0,1
5513,10090,2,3,1,1998,0,1
5514,10084,2,2,2,1998,0,1
5515,10084,1,2,4,1998,0,1
5516,10084,3,4,3,1998,0,1
5518,10090,4,4,2,1998,0,1
5520,10090,1,1,2,1998,0,1
5521,10090,3,4,3,1998,0,1
5522,10090,1,1,2,1998,0,1
5523,10084,2,1,3,1998,0,1
5527,10084,2,2,2,1998,0,1
5529,10090,1,1,1,1998,0,1
5530,10090,1,1,1,1998,0,1
5531,10090,1,1,1,1998,0,1
5533,10090,1,1,3,1998,0,1
5534,10090,1,1,1,1998,0,1
5535,10090,1,2,1,1998,0,1
5537,10090,1,1,1,1998,0,1
5539,10090,1,1,2,1998,0,1
5540,10090,2,1,2,1998,0,1
5541,10090,2,2,4,1998,0,1
5551,10091,1,1,1,1998,0,1
5552,10091,2,1,1,1998,0,1
5553,10091,2,4,4,1998,0,1
5554,10091,1,1,1,1998,0,1
5555,10091,1,1,1,1998,0,1
5556,10091,1,1,1,1998,0,1
5557,10091,1,1,4,1998,0,1
5559,10091,1,2,4,1998,0,1
5560,10091,1,1,2,1998,0,1
5561,10091,4,3,2,1998,0,1
5562,10091,1,1,1,1998,0,1
5563,10091,1,1,1,1998,0,1
5564,10091,1,1,1,1998,0,1
5565,10091,2,3,2,1998,0,1
5566,10091,1,1,1,1998,0,1
5568,10091,4,3,4,1998,0,1
5571,10091,1,1,1,1998,0,1
5581,10084,2,2,2,0,0,0
5582,10084,4,4,3,1998,0,1
5583,10084,4,4,4,0,0,0
5584,10084,4,3,2,0,0,0
5585,10084,1,1,2,0,0,0
5586,10084,4,4,2,0,0,0
5587,10084,4,4,3,0,0,0
5588,10084,2,4,4,0,0,0
5589,10084,4,4,4,0,0,0
5590,10084,4,4,2,0,0,0
5591,10084,4,4,3,0,0,0
5592,10084,4,4,4,0,0,0
5601,10087,3,3,2,0,0,0
5604,10087,3,2,3,0,0,0
5606,10084,4,3,2,0,0,0
5607,10087,3,3,4,0,0,0
5609,10087,1,4,1,0,0,0
5610,10087,1,1,2,0,0,0
5611,10084,3,2,2,0,0,0
5613,10087,4,3,2,0,0,0
5621,10085,3,4,3,0,0,0
5622,10085,2,2,4,0,0,0
5623,10085,1,1,2,0,0,0
5624,10084,4,4,3,0,0,0
5625,10085,1,1,2,0,0,0
5627,10084,4,4,2,0,0,0
5628,10085,1,2,3,0,0,0
5629,10085,1,1,1,0,0,0
5631,10085,1,1,2,0,0,0
5632,10085,3,4,1,0,0,0
5633,10085,3,3,2,0,0,0
5634,10085,3,2,2,0,0,0
5635,10084,4,4,3,0,0,0
5636,10085,3,4,2,0,0,0
5637,10085,3,4,1,0,0,0
5638,10085,3,4,2,0,0,0
5639,10085,1,1,3,0,0,0
5640,10085,2,3,4,0,0,0
5642,10085,4,4,2,0,0,0
5643,10085,3,4,3,0,0,0
5644,10085,1,2,1,0,0,0
5645,10085,3,4,4,0,0,0
5646,10085,3,3,2,0,0,0
5648,10084,4,4,3,0,0,0
5649,10085,3,4,4,0,0,0
5650,10085,1,1,2,0,0,0
5651,10084,3,4,4,0,0,0
5652,10085,1,1,3,0,0,0
5653,10085,1,1,1,0,0,0
5654,10085,1,1,2,0,0,0
5655,10085,2,2,3,0,0,0
5661,10093,1,1,1,1998,0,1
5663,10093,1,1,1,1998,0,1
5665,10093,1,1,1,0,0,0
5669,10093,1,1,2,0,0,0
5671,10093,1,1,2,0,0,0
5673,10093,1,1,3,1998,0,1
5674,10093,1,1,1,0,0,0
5675,10093,3,3,3,0,0,0
5678,10093,4,4,2,1998,0,1
5680,10093,1,1,1,1998,0,1
5683,10093,1,1,1,0,0,0
5684,10093,1,1,1,0,0,0
5688,10093,1,1,1,0,0,0
5690,10093,1,1,1,1998,0,1
5692,10093,2,2,2,0,0,0
5693,10093,2,1,2,1998,0,1
5701,10086,1,1,1,2002,0,1
5702,10086,2,1,1,0,0,0
5703,10086,1,1,3,0,0,0
5704,10086,2,2,2,0,0,0
5705,10086,1,1,4,2002,0,1
5706,10086,1,2,2,2002,0,1
5707,10086,3,4,1,2002,0,1
5708,10086,1,1,1,2002,0,1
5709,10086,2,1,2,2002,0,1
5710,10086,1,2,4,0,0,0
5711,10086,2,1,3,2002,0,1
5712,10086,3,3,2,2002,0,1
5713,10086,2,2,2,2002,0,1
5714,10086,2,3,3,2002,0,1
5715,10086,2,1,3,0,0,0
5716,10086,2,3,4,0,0,0
5717,10086,3,2,2,2002,0,1
5718,10086,3,3,2,0,0,0
5719,10086,2,1,3,0,0,0
5720,10086,1,1,2,0,0,0
5721,10086,4,4,3,0,0,0
5722,10086,1,2,1,0,0,0
5723,10086,3,2,2,2002,0,1
5724,10086,4,4,2,0,0,0
5725,10086,3,3,4,0,0,0
5726,10086,1,1,2,2002,0,1
5727,10086,2,2,2,0,0,0
5728,10086,2,3,1,2002,0,1
5729,10086,1,1,4,2002,0,1
5730,10086,2,1,2,0,0,0
5731,10086,1,1,2,0,0,0
5732,10086,3,4,2,0,0,0
5741,10090,1,1,1,1998,0,1
5742,10090,1,1,1,1998,0,1
5743,10090,1,1,2,1998,0,1
5744,10092,3,4,4,1998,0,1
5745,10091,2,2,2,1998,0,1
5746,10090,1,1,1,1998,0,1
5747,10090,1,1,3,1998,0,1
5748,10090,1,1,1,1998,0,1
5749,10090,3,2,4,1998,0,1
5750,10090,1,1,3,1998,0,1
5752,10090,1,1,2,1998,0,1
5754,10090,1,1,1,1998,0,1
5755,10090,1,1,3,1998,0,1
5756,10090,2,2,1,1998,0,1
5757,10090,4,4,1,1998,0,1
5758,10090,1,1,1,0,0,0
5759,10090,1,1,3,1998,0,1
5760,10090,1,1,1,1998,0,1
5761,10090,2,2,1,1998,0,1
5762,10090,1,1,1,1998,0,1
5763,10090,1,1,1,1998,0,1
5764,10092,4,3,4,1998,0,1
5765,10090,1,2,4,0,0,0
5766,10091,1,2,3,1998,0,1
5785,10093,1,1,1,0,0,0
5788,10093,1,3,1,0,0,0
5790,10093,1,1,1,0,0,0
5792,10093,1,1,4,0,0,0
5798,10093,2,3,2,0,0,0
5799,10093,2,2,2,0,0,0
5803,10093,1,1,1,0,0,0
5804,10093,2,1,2,1998,0,1
5805,10093,4,3,3,0,0,0
5806,10093,2,2,2,0,0,0
5812,10093,1,1,1,1998,0,1
5813,10093,1,1,1,0,0,0
5816,10093,3,2,3,1997,0,1
5817,10093,2,1,1,1997,0,1
5819,10093,2,4,1,1997,0,1
5821,10093,1,1,1,1997,0,1
5822,10093,4,4,2,1997,0,1
5827,10093,1,1,1,1997,0,1
5828,10093,1,1,1,1998,0,1
5830,10093,1,1,3,1997,0,1
5831,10093,3,2,3,0,0,0
5841,10089,4,2,2,0,0,0
5842,10089,1,1,1,0,0,0
5843,10089,2,1,1,0,0,0
5851,10085,2,2,2,0,0,0
5852,10085,1,2,2,0,0,0
5853,10085,2,3,2,0,0,0
5854,10085,1,1,1,0,0,0
5855,10085,1,1,2,0,0,0
5856,10085,1,1,1,0,0,0
5857,10085,2,2,3,0,0,0
5858,10085,1,2,3,0,0,0
5859,10085,2,2,1,0,0,0
5860,10085,2,2,2,0,0,0
5861,10085,4,4,3,0,0,0
5862,10085,1,1,1,0,0,0
5863,10085,1,3,1,0,0,0
5871,10092,3,3,4,0,0,0
5872,10092,4,4,4,0,0,0
5873,10092,3,3,4,0,0,0
5881,10087,3,2,1,0,0,0
5882,10087,3,2,1,0,0,0
5883,10087,3,3,2,0,0,0
5884,10087,3,3,3,0,0,0
5885,10087,2,2,1,0,0,0
5886,10087,4,4,2,0,0,0
5888,10087,4,2,2,0,0,0
5889,10087,4,4,2,0,0,0
5890,10087,4,4,2,0,0,0
5891,10087,2,2,1,0,0,0
5902,10091,1,1,1,1998,0,1
5903,10091,1,1,1,1998,0,1
5904,10091,2,2,1,1998,0,1
5905,10091,2,2,1,1998,0,1
5907,10091,1,1,4,1998,0,1
5908,10091,1,1,1,1998,0,1
5909,10091,1,1,1,1998,0,1
5910,10091,1,1,2,1998,0,1
5911,10091,1,1,3,1998,0,1
5912,10091,1,1,4,1998,0,1
5913,10091,1,1,4,1998,0,1
5914,10091,1,1,1,1998,0,1
5919,10091,1,2,1,1998,0,1
5921,10091,1,1,1,1998,0,1
5922,10091,3,4,3,1998,0,1
5923,10091,1,1,3,1998,0,1
5924,10091,1,1,1,1998,0,1
5925,10091,1,1,1,1998,0,1
5926,10091,1,2,1,1998,0,1
5928,10091,1,1,1,1998,0,1
5929,10091,1,2,2,1998,0,1
5930,10091,1,1,1,1998,0,1
5931,10091,1,2,4,1998,0,1
5932,10091,1,1,1,1998,0,1
5933,10091,2,2,4,1998,0,1
5934,10091,1,1,1,1998,0,1
5935,10091,1,1,1,1998,0,1
5937,10091,1,1,2,1998,0,1
5938,10091,4,4,3,1998,0,1
5939,10091,3,3,4,1998,0,1
6002,10095,4,4,2,0,0,0
6004,10096,1,1,3,0,0,0
6007,10095,4,3,2,0,0,0
6008,10095,2,1,3,0,0,0
6009,10095,2,1,1,0,0,0
6010,10095,1,1,1,0,0,0
6011,10095,1,2,1,0,0,0
6021,10099,3,3,4,1998,0,1
6022,10099,3,2,2,1998,0,1
6023,10099,4,3,3,1998,0,1
6024,10099,4,2,2,1998,0,1
6025,10099,3,2,2,1998,0,1
6031,10100,4,3,2,0,0,0
6032,10100,2,2,1,0,0,0
6033,10100,1,1,3,0,0,0
6034,10100,3,2,1,0,0,0
6035,10100,2,2,4,0,0,0
6036,10100,2,1,2,0,0,0
6052,10094,2,2,1,0,0,0
6054,10094,1,2,1,0,0,0
6056,10094,2,2,1,0,0,0
6057,10094,3,4,1,0,0,0
6058,10094,2,4,3,0,0,0
6061,10094,2,3,3,0,0,0
6076,10094,3,2,1,0,0,0
6077,10094,3,2,3,0,0,0
6082,10099,3,2,1,1998,0,1
6083,10099,3,2,1,1998,0,1
6084,10099,2,1,2,1998,0,1
6087,10099,2,1,1,1998,0,1
6089,10099,3,2,1,1998,0,1
6090,10099,2,1,2,1998,0,1
6101,10097,2,3,3,0,0,0
6102,10097,1,1,1,0,0,0
6104,10097,1,1,1,0,0,0
6109,10097,1,1,1,0,0,0
6110,10097,4,2,1,0,0,0
6111,10097,4,4,1,0,0,0
6112,10097,1,1,1,0,0,0
6113,10097,3,3,3,1998,0,1
6116,10097,1,1,1,0,0,0
6117,10097,1,1,1,0,0,0
6118,10097,3,3,2,0,0,0
6119,10097,3,2,2,0,0,0
6131,10100,1,1,1,0,0,0
6132,10100,3,3,3,1998,0,1
6133,10100,3,3,2,1998,0,1
6134,10100,2,2,4,1998,0,1
6135,10100,3,3,3,1998,0,1
6136,10100,4,4,2,0,0,0
6137,10100,2,1,1,0,0,0
6139,10100,3,2,2,1998,0,1
6140,10100,3,2,1,1998,0,1
6141,10100,3,2,2,1998,0,1
6142,10100,1,1,1,0,0,0
6151,10101,3,2,1,0,0,0
6152,10101,4,3,4,0,0,0
6153,10101,4,4,4,0,0,0
6154,10101,3,2,3,0,0,0
6155,10101,2,2,2,0,0,0
6156,10101,3,2,1,0,0,0
6157,10101,2,1,1,0,0,0
6158,10101,3,3,4,0,0,0
6159,10101,4,3,4,0,0,0
6172,10095,1,1,1,0,0,0
6173,10095,2,3,1,0,0,0
6177,10094,1,1,1,0,0,0
6181,10095,2,2,1,0,0,0
6191,10096,1,1,2,0,0,0
6192,10096,1,1,1,0,0,0
6193,10096,2,2,2,0,0,0
6194,10096,1,2,1,0,0,0
6195,10096,2,3,2,0,0,0
6197,10096,1,3,1,0,0,0
6198,10096,2,1,4,0,0,0
6199,10096,3,2,3,0,0,0
6201,10096,2,2,1,0,0,0
6202,10096,2,3,1,0,0,0
6203,10095,2,3,1,0,0,0
6204,10096,4,4,4,0,0,0
6205,10095,3,4,1,0,0,0
6211,10100,1,1,2,0,0,0
6212,10100,1,1,1,0,0,0
6213,10101,3,3,4,0,0,0
6214,10100,2,1,1,0,0,0
6215,10101,2,2,2,0,0,0
6217,10101,4,4,3,0,0,0
6218,10100,2,2,1,0,0,0
6219,10100,2,2,2,0,0,0
6220,10101,1,1,1,0,0,0
6232,10098,3,2,3,1998,0,1
6235,10098,3,4,3,1998,0,1
6238,10098,3,2,2,1998,0,1
6239,10098,1,1,1,1998,0,1
6240,10098,4,3,1,1998,0,1
6241,10098,1,1,2,1998,0,1
6246,10099,2,2,2,1998,0,1
6248,10098,4,4,2,1998,0,1
6249,10098,1,1,2,1998,0,1
6250,10098,2,2,2,1998,0,1
6252,10098,3,2,1,0,0,0
6253,10098,4,3,1,1998,0,1
6261,10099,1,1,1,1998,0,1
6263,10099,2,2,2,1998,0,1
6265,10099,3,2,1,1998,0,1
6266,10099,4,4,3,1998,0,1
6267,10099,2,3,1,1998,0,1
6281,10096,2,2,4,0,0,0
6282,10096,1,1,1,0,0,0
6283,10096,1,1,3,0,0,0
6285,10096,3,3,1,0,0,0
6286,10096,3,4,4,0,0,0
6287,10096,1,1,1,0,0,0
6288,10096,2,3,1,0,0,0
6289,10096,1,1,1,0,0,0
6290,10096,4,4,1,0,0,0
6291,10096,3,4,1,0,0,0
6292,10096,3,3,4,0,0,0
6293,10096,2,3,3,0,0,0
6294,10096,1,1,1,0,0,0
6295,10096,2,2,2,0,0,0
6296,10096,1,1,2,0,0,0
6297,10096,4,4,4,0,0,0
6298,10096,2,1,1,0,0,0
6299,10096,1,1,1,0,0,0
6300,10096,4,4,1,0,0,0
6404,10102,4,4,4,0,0,0
6407,10102,3,3,3,0,0,0
6408,10102,4,4,4,0,0,0
6412,10102,4,4,3,0,0,0
6413,10102,2,1,2,1998,0,1
6416,10102,4,3,3,0,0,0
6417,10102,4,3,4,1998,0,1
6421,10103,4,4,4,1998,0,1
6422,10103,1,1,2,1998,0,1
6423,10103,2,2,3,1998,0,1
6431,10103,3,4,4,1998,0,1
6432,10103,2,1,3,1998,0,1
6433,10103,1,1,1,1998,0,1
6434,10103,1,1,2,1998,0,1
6435,10103,1,1,2,1998,0,1
6436,10103,4,4,4,1998,0,1
6437,10103,3,2,3,1998,0,1
6451,10102,3,3,4,1997,0,1
6452,10102,4,4,3,1997,0,1
6453,10102,1,1,2,1997,0,1
6454,10102,3,3,4,1998,0,1
6455,10102,3,3,4,1997,0,1
6456,10102,2,1,1,1997,0,1
6458,10102,4,4,2,0,0,0
6459,10102,4,3,4,1998,0,1
6461,10102,4,4,4,1997,0,1
6485,10102,2,2,3,1998,0,1
6487,10102,4,3,4,1998,0,1
6504,10104,3,4,4,0,0,0
6511,10104,2,2,4,0,0,0
6512,10104,4,3,4,0,0,0
6601,10105,2,3,2,2002,0,1
6602,10105,2,1,2,2002,0,1
6603,10105,2,2,1,2002,0,1
6604,10105,2,1,2,2002,0,1
6605,10105,2,2,1,2002,0,1
6606,10105,3,2,1,2002,0,1
6607,10105,4,3,1,2002,0,1
6608,10105,4,4,3,2002,0,1
6609,10105,2,2,3,2002,0,1
6610,10105,1,1,1,2002,0,1
6611,10105,1,1,3,2002,0,1
6612,10105,4,3,2,2002,0,1
6613,10105,4,4,3,2002,0,1
6614,10105,2,2,1,2002,0,1
6615,10105,1,1,1,2002,0,1
6616,10105,4,3,3,2002,0,1
6617,10105,3,2,2,2002,0,1
6618,10105,3,2,1,2002,0,1
6619,10105,2,1,3,2002,0,1
6620,10105,3,3,4,2002,0,1
6621,10105,4,4,2,2002,0,1
6622,10105,2,1,4,2002,0,1
6623,10105,4,4,2,2002,0,1
6624,10105,1,1,1,2002,0,1
6625,10105,1,2,2,2002,0,1
6626,10105,2,2,3,2002,0,1
6627,10105,1,1,1,2002,0,1
6628,10105,4,4,3,2002,0,1
6629,10105,2,2,2,2002,0,1
6630,10105,4,4,3,2002,0,1
6631,10105,4,3,2,2002,0,1
6632,10105,3,4,2,2002,0,1
6633,10105,4,4,4,2002,0,1
6634,10105,3,2,3,2002,0,1
6635,10105,2,2,1,2002,0,1
6636,10105,3,3,1,2002,0,1
6637,10105,1,1,1,2002,0,1
6638,10105,4,4,4,2002,0,1
6639,10105,2,3,1,2002,0,1
6640,10105,4,4,3,2002,0,1
6641,10105,2,1,3,2002,0,1
6642,10105,2,1,1,2002,0,1
6643,10105,4,4,4,2002,0,1
6644,10105,4,3,3,2002,0,1
6645,10105,4,2,1,2002,0,1
6702,10106,3,3,3,0,0,0
6703,10106,1,1,1,0,0,0
6704,10106,1,1,1,0,0,0
6706,10106,1,3,4,0,0,0
6708,10106,3,3,3,0,0,0
6709,10106,3,2,4,0,0,0
6710,10106,3,3,4,0,0,0
6711,10106,4,4,4,0,0,0
6712,10106,2,2,4,0,0,0
6713,10106,1,1,1,0,0,0
6715,10106,1,1,4,0,0,0
6716,10106,1,1,1,0,0,0
6718,10106,1,1,3,0,0,0
6719,10106,1,1,3,0,0,0
6720,10106,1,1,4,0,0,0
6721,10106,1,2,4,0,0,0
6722,10106,1,2,1,1998,0,1
6724,10106,1,1,1,0,0,0
6728,10106,1,1,1,0,0,0
6729,10106,4,3,4,0,0,0
6730,10106,3,2,4,0,0,0
6741,10106,1,1,1,1998,0,1
6742,10106,2,2,4,1998,0,1
6743,10106,3,4,4,1998,0,1
6744,10106,1,1,1,1998,0,1
6745,10106,1,1,3,1998,0,1
6748,10106,2,2,4,1998,0,1
6750,10106,2,2,4,1998,0,1
6751,10106,1,1,3,0,0,0
6753,10106,1,1,2,1998,0,1
6754,10106,3,3,4,1998,0,1
6757,10106,4,4,4,1998,0,1
6758,10106,1,1,1,0,0,0
6759,10106,1,1,4,0,0,0
6771,10106,4,4,4,0,0,0
6773,10106,1,1,1,0,0,0
6774,10106,3,3,1,0,0,0
6775,10106,2,2,4,0,0,0
6778,10106,2,1,2,0,0,0
6781,10106,1,1,4,0,0,0
6782,10106,2,2,4,0,0,0
6783,10106,1,1,3,0,0,0
6784,10106,3,3,4,0,0,0
6785,10106,2,2,4,0,0,0
6787,10106,1,1,1,0,0,0
6789,10106,2,2,4,0,0,0
6790,10106,2,1,4,0,0,0
6792,10106,1,1,2,0,0,0
6793,10106,1,1,3,0,0,0
6800,10106,4,4,4,0,0,0
6806,10106,2,2,4,0,0,0
6807,10106,3,2,4,0,0,0
6808,10106,3,2,4,0,0,0
6809,10106,3,2,4,0,0,0
6810,10106,3,2,4,0,0,0
